# Blender 5.1.0
# www.blender.org
mtllib retro_tv1.mtl
o Cube
v -1.404829 0.432590 1.250322
v -1.404829 2.717176 1.250322
v 1.404829 0.432590 1.250322
v 1.404829 2.717176 1.250322
v 1.661098 2.925553 -1.350670
v 1.787383 2.822869 1.350670
v -1.356980 0.224213 -1.103387
v -1.356980 0.224213 1.103387
v 1.661098 0.224213 -1.103387
v 1.661098 0.224213 1.103387
v 2.055367 0.224213 -1.103387
v 2.055367 0.224213 1.103387
v 1.661098 0.224213 -1.350670
v -1.150486 0.118014 -0.935482
v -1.150486 0.118014 0.935482
v 1.661098 0.118014 -0.935482
v 1.661098 0.118014 0.935482
v 1.848873 0.118014 0.935482
v 1.848873 0.118014 -0.935482
v -1.356980 0.118014 -1.103387
v -1.356980 0.118014 1.103387
v 1.661098 0.118014 -1.103387
v 1.661098 0.118014 1.103387
v 2.055367 0.118014 1.103387
v 2.055367 0.118014 -1.103387
v -1.150486 0.000000 -0.935482
v -1.150486 0.000000 0.935482
v 1.661098 0.000000 -0.935482
v 1.661098 0.000000 0.935482
v 1.848873 0.000000 0.935482
v 1.848873 0.000000 -0.935482
v -1.661098 2.720039 -1.350670
v -1.408350 2.925553 -1.350670
v -1.641859 2.798686 -1.350670
v -1.587070 2.865360 -1.350670
v -1.505072 2.909910 -1.350670
v -1.408350 2.925553 1.350670
v -1.661098 2.720039 1.350670
v -1.466232 2.767104 1.250322
v -1.505072 2.909910 1.350670
v -1.587070 2.865360 1.350670
v -1.641859 2.798686 1.350670
v 2.106737 2.925553 -1.350670
v 2.319321 1.287877 -0.575512
v 2.203459 2.909910 -1.350670
v 2.285456 2.865360 -1.350670
v 2.340245 2.798686 -1.350670
v 2.233200 2.709926 1.350670
v 2.094299 2.822869 1.350670
v 2.221288 2.758621 1.350670
v 2.194410 2.791328 1.350670
v 2.154185 2.813183 1.350670
v -1.408350 0.224213 -1.145156
v -1.661098 0.429727 -1.350670
v -1.408350 0.224213 -1.350670
v -1.505072 0.239857 -1.223803
v -1.587070 0.284406 -1.290477
v -1.641859 0.351080 -1.335027
v -1.661098 0.477290 1.350670
v -1.483637 0.224213 1.347935
v -1.408350 0.224213 1.350670
v -1.466232 0.382662 1.250322
v -1.641859 0.351080 1.350508
v -1.606861 0.284406 1.343630
v -1.542943 0.239857 1.350670
v 2.106737 0.224213 1.145156
v 2.203459 0.239857 1.223803
v 2.285456 0.284406 1.290476
v 2.340245 0.351080 1.335026
v 2.319321 0.582287 -0.575512
v 2.106737 0.224213 -1.145156
v 2.106737 0.224213 -1.350670
v 2.340245 0.351080 -1.335026
v 2.285456 0.284406 -1.290476
v 2.203459 0.239857 -1.223803
v -1.404829 0.680717 1.250322
v -1.404829 0.978773 1.250322
v -1.404829 1.276828 1.250322
v -1.404829 1.574883 1.250322
v -1.404829 1.872938 1.250322
v -1.404829 2.170994 1.250322
v -1.404829 2.469049 1.250322
v 1.404829 2.469049 1.250322
v 1.404829 2.170994 1.250322
v 1.404829 1.872938 1.250322
v 1.404829 1.574883 1.250322
v 1.404829 1.276828 1.250322
v 1.404829 0.978773 1.250322
v 1.404829 0.680717 1.250322
v -1.099674 0.432590 1.250322
v -0.733116 0.432590 1.250322
v -0.366558 0.432590 1.250322
v 0.000000 0.432590 1.250322
v 0.366558 0.432590 1.250322
v 0.733116 0.432590 1.250322
v 1.099674 0.432590 1.250322
v 1.099674 2.717176 1.250322
v 0.733116 2.717176 1.250322
v 0.366558 2.717176 1.250322
v 0.000000 2.717176 1.250322
v -0.366558 2.717176 1.250322
v -0.733116 2.717176 1.250322
v -1.099674 2.717176 1.250322
v 2.319321 0.582287 0.575512
v 2.106737 0.224213 1.350670
v 2.106737 2.925553 1.350670
v 2.203459 2.909910 1.350670
v 2.285456 2.865360 1.350670
v 2.340245 2.798686 1.350670
v 2.319321 1.287877 0.575512
v 1.661098 2.925553 1.350670
v 1.661098 0.224213 1.350670
v 2.233200 1.423459 1.350670
v 1.787383 1.419006 1.350670
v 2.098547 2.857942 1.350670
v 2.171015 2.846220 1.350670
v 2.225508 2.816614 1.350670
v 2.261919 2.772305 1.350670
v 2.276333 2.713380 1.350670
v 1.744249 2.857942 1.350670
v 2.237784 1.357082 1.350670
v 1.782799 1.352538 1.350670
v 2.255232 0.464840 1.350670
v 2.063554 0.308983 1.350670
v 2.255232 1.371445 1.350670
v 1.765351 0.308983 1.350670
v 1.765351 1.366552 1.350670
v 2.094299 2.822869 1.368559
v 2.154185 2.813183 1.368559
v 2.194410 2.791328 1.368559
v 2.221288 2.758621 1.368559
v 2.233200 2.709926 1.368559
v 1.787383 2.822869 1.368559
v 2.233200 1.423459 1.368559
v 1.787383 1.419006 1.368559
v 2.098547 2.857942 1.361851
v 2.171015 2.846220 1.361851
v 2.225508 2.816614 1.361851
v 2.261919 2.772305 1.361851
v 2.276333 2.713380 1.361851
v 1.744249 2.857942 1.361851
v 2.276333 1.388815 1.361851
v 1.744249 1.383500 1.361851
v 2.237461 0.470825 1.361206
v 2.056193 0.323432 1.361206
v 2.237461 1.356816 1.361206
v 1.783121 0.323432 1.361206
v 1.783121 1.352279 1.361206
v 2.276333 0.457733 1.361206
v 2.072294 0.291825 1.361206
v 2.276333 1.388815 1.361206
v 1.744249 0.291825 1.361206
v 1.744249 1.383500 1.361206
v 2.276333 0.457733 1.350670
v 2.072294 0.291825 1.350670
v 1.744249 0.291825 1.350670
v 2.276333 1.388815 1.350670
v 1.744249 1.383500 1.350670
v 1.782799 0.323170 1.228780
v 2.237783 0.470716 1.228780
v 2.056326 0.323170 1.228780
v 2.237783 1.357082 1.228780
v 1.782799 1.352538 1.228780
v 2.237783 0.470716 1.359503
v 2.056326 0.323170 1.359503
v 2.237783 1.357082 1.359503
v 1.782799 0.323170 1.359503
v 1.782799 1.352538 1.359503
v 2.237783 0.471056 1.359503
v 1.782799 0.472806 1.359503
v 2.237783 1.325438 1.359503
v 2.237783 1.348029 1.335006
v 2.237783 1.262150 1.359503
v 2.237783 1.284741 1.335006
v 2.237783 1.198863 1.359503
v 2.237783 1.221454 1.335006
v 2.237783 1.135575 1.359503
v 2.237783 1.158166 1.335006
v 2.237783 1.072288 1.359503
v 2.237783 1.094879 1.335006
v 2.237783 1.009000 1.359503
v 2.237783 1.031591 1.335006
v 2.237783 0.945712 1.359503
v 2.237783 0.968303 1.335006
v 2.237783 0.882425 1.359503
v 2.237783 0.905016 1.335006
v 2.237783 0.819137 1.359503
v 2.237783 0.841728 1.335006
v 2.237783 0.755850 1.359503
v 2.237783 0.778441 1.335006
v 2.237783 0.692562 1.359503
v 2.237783 0.715153 1.335006
v 2.237783 0.629274 1.359503
v 2.237783 0.651866 1.335006
v 2.237783 0.565987 1.359503
v 2.237783 0.588578 1.335006
v 2.237783 0.502699 1.359503
v 1.782799 1.321119 1.359503
v 1.782799 1.343934 1.335006
v 1.782799 1.258281 1.359503
v 1.782799 1.281096 1.335006
v 1.782799 1.195443 1.359503
v 1.782799 1.218258 1.335006
v 1.782799 1.132605 1.359503
v 1.782799 1.155420 1.335006
v 1.782799 1.069767 1.359503
v 1.782799 1.092582 1.335006
v 1.782799 1.006929 1.359503
v 1.782799 1.029744 1.335006
v 1.782799 0.944091 1.359503
v 1.782799 0.966906 1.335006
v 1.782799 0.881253 1.359503
v 1.782799 0.904068 1.335006
v 1.782799 0.818415 1.359503
v 1.782799 0.841230 1.335006
v 1.782799 0.755577 1.359503
v 1.782799 0.778392 1.335006
v 1.782799 0.692739 1.359503
v 1.782799 0.715554 1.335006
v 1.782799 0.629901 1.359503
v 1.782799 0.652717 1.335006
v 1.782799 0.567063 1.359503
v 1.782799 0.589878 1.335006
v 1.782799 0.504225 1.359503
v 2.359485 0.429727 -1.350670
v 2.359485 0.429727 1.350670
v 2.359485 2.720039 1.350670
v 2.359485 2.720039 -1.350670
v 2.359485 0.539589 -0.613537
v 2.359485 0.539589 0.613537
v 2.359485 1.330575 0.613537
v 2.359485 1.330575 -0.613537
v 2.359485 0.564640 -0.588487
v 2.359485 0.564640 0.588487
v 2.359485 1.305525 0.588487
v 2.359485 1.305525 -0.588487
v 2.376297 0.539589 -0.613537
v 2.376297 0.539589 0.613537
v 2.376297 1.330575 0.613537
v 2.376297 1.330575 -0.613537
v 2.376297 0.564640 0.588487
v 2.376297 1.305525 -0.588487
v 2.376297 0.564640 -0.588487
v 2.376297 1.305525 0.588487
v -1.466232 2.469049 1.250322
v -1.466232 2.767104 1.250322
v 1.466232 0.680717 1.250322
v 1.466232 0.382662 1.250322
v 1.099674 0.382662 1.250322
v -1.099674 2.767104 1.250322
v -1.466232 0.382662 1.250322
v -1.466232 0.680717 1.250322
v -1.466232 0.978773 1.250322
v -1.466232 1.276828 1.250322
v -1.466232 1.574883 1.250322
v -1.466232 1.872938 1.250322
v -1.466232 2.170994 1.250322
v 1.466232 2.767104 1.250322
v 1.466232 2.469049 1.250322
v 1.466232 2.170994 1.250322
v 1.466232 1.872938 1.250322
v 1.466232 1.574883 1.250322
v 1.466232 1.276828 1.250322
v 1.466232 0.978773 1.250322
v -1.099674 0.382662 1.250322
v -0.733116 0.382662 1.250322
v -0.366558 0.382662 1.250322
v 0.000000 0.382662 1.250322
v 0.366558 0.382662 1.250322
v 0.733116 0.382662 1.250322
v 1.099674 2.767104 1.250322
v 0.733116 2.767104 1.250322
v 0.366558 2.767104 1.250322
v 0.000000 2.767104 1.250322
v -0.366558 2.767104 1.250322
v -0.733116 2.767104 1.250322
vn -0.0000 -0.0000 1.0000
vn 1.0000 -0.0000 -0.0000
vn -0.0000 -0.0000 -1.0000
vn -1.0000 -0.0000 -0.0000
vn -0.0000 -1.0000 -0.0000
vn -0.0918 -0.9958 -0.0015
vn -0.3469 -0.9368 -0.0449
vn -0.1505 -0.9847 -0.0878
vn -0.6016 -0.7626 -0.2376
vn -0.4270 -0.7181 -0.5496
vn -0.1923 -0.2365 -0.9524
vn -0.0445 -0.0548 -0.9975
vn -0.0141 -0.0173 -0.9998
vn 0.0801 -0.9968 -0.0000
vn 0.3270 -0.9441 0.0421
vn 0.1505 -0.9847 0.0878
vn 0.5706 -0.7872 0.2338
vn 0.4270 -0.7181 0.5496
vn 0.1923 -0.2365 0.9524
vn 0.0445 -0.0548 0.9975
vn 0.0141 -0.0173 0.9997
vn 0.0445 -0.0548 -0.9975
vn 0.1923 -0.2365 -0.9524
vn 0.0141 -0.0173 -0.9998
vn 0.4270 -0.7181 -0.5496
vn 0.5706 -0.7872 -0.2338
vn 0.1505 -0.9847 -0.0878
vn 0.3270 -0.9441 -0.0421
vn -0.0998 -0.9950 -0.0022
vn -0.3613 -0.9324 -0.0051
vn -0.6906 -0.7232 -0.0045
vn -0.9275 -0.3739 -0.0007
vn -0.9424 -0.3346 -0.0002
vn -0.9958 -0.0916 0.0008
vn -0.9961 -0.0877 0.0008
vn -0.0801 0.9968 -0.0000
vn -0.3231 0.9464 -0.0000
vn -0.6368 0.7710 -0.0000
vn -0.8943 0.4474 -0.0000
vn -0.9928 0.1197 -0.0000
vn 0.9168 -0.3993 -0.0000
vn 0.9937 -0.1119 -0.0000
vn 0.0801 0.9968 -0.0000
vn 0.3231 0.9464 -0.0000
vn 0.6368 0.7710 -0.0000
vn 0.8943 0.4474 -0.0000
vn 0.9928 0.1197 -0.0000
vn -0.0000 1.0000 -0.0000
vn 0.0052 -0.5352 0.8447
vn -0.0000 0.5350 0.8448
vn 0.0521 0.5229 0.8508
vn 0.0502 0.5233 0.8507
vn -0.2355 -0.0000 0.9719
vn -0.2744 -0.0000 0.9616
vn -0.1766 -0.0000 0.9843
vn 0.6309 -0.7759 -0.0000
vn 0.0100 -1.0000 -0.0000
vn -0.0100 1.0000 -0.0000
vn -0.0100 0.9996 0.0249
vn 0.5100 -0.0000 -0.8602
vn -0.5100 -0.0000 -0.8602
vn -0.4483 0.2018 -0.8708
vn -0.4371 0.2320 -0.8690
vn -0.1926 0.5121 -0.8370
vn -0.0000 0.5891 -0.8080
vn -0.1676 0.5236 -0.8353
vn 0.0004 0.1384 0.9904
vn 0.0004 0.1390 0.9903
vn 0.0068 -0.7334 -0.6797
vn -0.0024 0.2746 0.9615
vn 0.0061 -0.7334 -0.6797
vn -0.0021 0.2746 0.9615
vn 0.0053 -0.7334 -0.6797
vn -0.0019 0.2746 0.9615
vn 0.0046 -0.7334 -0.6797
vn -0.0016 0.2746 0.9615
vn 0.0039 -0.7334 -0.6797
vn -0.0013 0.2746 0.9615
vn 0.0032 -0.7335 -0.6797
vn -0.0010 0.2746 0.9615
vn 0.0024 -0.7335 -0.6797
vn -0.0008 0.2746 0.9615
vn 0.0017 -0.7335 -0.6797
vn -0.0005 0.2746 0.9615
vn 0.0010 -0.7335 -0.6797
vn -0.0002 0.2746 0.9615
vn 0.0003 -0.7335 -0.6797
vn -0.0000 0.2746 0.9615
vn -0.0005 -0.7335 -0.6797
vn 0.0003 0.2746 0.9615
vn -0.0012 -0.7335 -0.6797
vn 0.0006 0.2746 0.9615
vn -0.0019 -0.7335 -0.6797
vn 0.0009 0.2746 0.9615
vn 0.2361 -0.0015 0.9717
vn 0.4589 -0.0030 0.8885
vn 0.1250 0.5032 0.8551
vn 0.1331 -0.0000 0.9911
vn 0.1848 0.9828 -0.0000
vn 0.3074 -0.0000 -0.9516
vn 0.1331 -0.0000 -0.9911
vn 0.3074 -0.0000 0.9516
vn 0.4023 -0.9155 -0.0000
vn 0.1848 -0.9828 -0.0000
vn 0.4023 0.9155 -0.0000
vt 0.375000 0.727540
vt 0.375000 0.733043
vt 0.375000 0.713912
vt 0.375000 0.718035
vt 0.375000 0.522460
vt 0.375000 0.331291
vt 0.375000 0.516957
vt 0.375000 0.918709
vt 0.375000 0.383105
vt 0.375000 0.866895
vt 0.375000 0.531965
vt 0.375000 0.536088
vt 0.375000 0.317560
vt 0.375000 0.291706
vt 0.375000 0.269020
vt 0.375000 0.269788
vt 0.375000 0.255143
vt 0.375000 0.250000
vt 0.375000 0.731334
vt 0.375000 0.738477
vt 0.375000 0.750000
vt 0.375000 0.744533
vt 0.375000 0.748579
vt 0.394020 0.500000
vt 0.386741 0.501448
vt 0.375000 0.500000
vt 0.380571 0.505571
vt 0.376448 0.511741
vt 0.375000 0.519020
vt 0.375000 0.932440
vt 0.375000 0.958294
vt 0.375000 0.981750
vt 0.375000 0.255571
vt 0.375000 0.005571
vt 0.386741 0.001448
vt 0.386741 0.248552
vt 0.398421 0.000000
vt 0.394020 0.250000
vt 0.855980 0.750000
vt 0.855980 0.500000
vt 0.863259 0.500000
vt 0.863259 0.750000
vt 0.875000 0.500000
vt 0.875000 0.750000
vt 0.625000 0.000000
vt 0.622215 0.252785
vt 0.613259 0.250483
vt 0.613259 0.000000
vt 0.605980 0.250000
vt 0.605980 0.000000
vt 0.375000 0.518666
vt 0.375000 0.511523
vt 0.375000 0.505571
vt 0.375000 0.744429
vt 0.386741 0.748552
vt 0.394020 0.750000
vt 0.625000 0.500000
vt 0.625000 0.750000
vt 0.624517 0.750000
vt 0.624517 0.500000
vt 0.623143 0.750000
vt 0.623143 0.500000
vt 0.613259 0.750000
vt 0.613259 0.500000
vt 0.605980 0.750000
vt 0.605980 0.500000
vt 0.623552 0.261741
vt 0.625000 0.269020
vt 0.610336 0.957752
vt 0.610336 0.930168
vt 0.610336 0.902584
vt 0.610336 0.875000
vt 0.610336 0.847416
vt 0.610336 0.819832
vt 0.610336 0.792248
vt 0.610336 0.764664
vt 0.610336 0.985336
vt 0.000000 0.000000
vt 0.389664 0.764664
vt 0.389664 0.792248
vt 0.389664 0.819832
vt 0.389664 0.847416
vt 0.389664 0.875000
vt 0.389664 0.902584
vt 0.389664 0.930168
vt 0.389664 0.957752
vt 0.389664 0.985336
vt 0.375000 0.980980
vt 0.582752 0.764664
vt 0.555168 0.764664
vt 0.527584 0.764664
vt 0.500000 0.764664
vt 0.472416 0.764664
vt 0.444832 0.764664
vt 0.417248 0.764664
vt 0.396613 0.750000
vt 0.381258 0.750000
vt 0.619171 0.750000
vt 0.618706 0.750000
vt 0.616378 0.750000
vt 0.611602 0.750000
vt 0.605657 0.750000
vt 0.499498 0.750000
vt 0.618769 0.750000
vt 0.381258 0.750000
vt 0.498875 0.750000
vt 0.502174 0.750000
vt 0.496017 0.750000
vt 0.496549 0.750000
vt 0.502698 0.750000
vt 0.615568 0.750000
vt 0.605482 0.750000
vt 0.610320 0.750000
vt 0.613603 0.750000
vt 0.615492 0.750000
vt 0.616039 0.750000
vt 0.398374 0.750000
vt 0.384461 0.750000
vt 0.495985 0.750000
vt 0.384626 0.750000
vt 0.495495 0.750000
vt 0.438517 0.750000
vt 0.440089 0.750000
vt 0.384160 0.750000
vt 0.384160 0.750000
vt 0.397817 0.750000
vt 0.440590 0.750000
vt 0.442086 0.750000
vt 0.494020 0.750000
vt 0.494476 0.750000
vt 0.492022 0.750000
vt 0.492403 0.750000
vt 0.490025 0.750000
vt 0.490331 0.750000
vt 0.488028 0.750000
vt 0.488258 0.750000
vt 0.486030 0.750000
vt 0.486186 0.750000
vt 0.484033 0.750000
vt 0.484113 0.750000
vt 0.482035 0.750000
vt 0.482041 0.750000
vt 0.480038 0.750000
vt 0.479968 0.750000
vt 0.478040 0.750000
vt 0.477895 0.750000
vt 0.476043 0.750000
vt 0.475823 0.750000
vt 0.474045 0.750000
vt 0.473750 0.750000
vt 0.472048 0.750000
vt 0.471678 0.750000
vt 0.470050 0.750000
vt 0.469605 0.750000
vt 0.468053 0.750000
vt 0.467533 0.750000
vt 0.466056 0.750000
vt 0.465460 0.750000
vt 0.464058 0.750000
vt 0.463388 0.750000
vt 0.462061 0.750000
vt 0.461315 0.750000
vt 0.460063 0.750000
vt 0.459243 0.750000
vt 0.458066 0.750000
vt 0.457170 0.750000
vt 0.456068 0.750000
vt 0.455097 0.750000
vt 0.454071 0.750000
vt 0.453025 0.750000
vt 0.452073 0.750000
vt 0.450952 0.750000
vt 0.450076 0.750000
vt 0.448880 0.750000
vt 0.448079 0.750000
vt 0.446807 0.750000
vt 0.446081 0.750000
vt 0.444735 0.750000
vt 0.444084 0.750000
vt 0.442662 0.750000
vt 0.582752 0.985336
vt 0.417248 0.985336
vt 0.444832 0.985336
vt 0.472416 0.985336
vt 0.500000 0.985336
vt 0.527584 0.985336
vt 0.555168 0.985336
vt 0.465502 0.571482
vt 0.465502 0.678518
vt 0.534498 0.678518
vt 0.534498 0.571482
vt 0.469872 0.575852
vt 0.530128 0.575852
vt 0.530128 0.674148
vt 0.469872 0.674148
vt 0.532313 0.573667
vt 0.467687 0.573667
vt 0.467687 0.676333
vt 0.532313 0.676333
vt 0.582752 0.980715
vt 0.605715 0.980715
vt 0.417248 0.769285
vt 0.394285 0.769285
vt 0.394285 0.792248
vt 0.605715 0.957752
vt 0.394285 0.980715
vt 0.417248 0.980715
vt 0.444832 0.980715
vt 0.472416 0.980715
vt 0.500000 0.980715
vt 0.527584 0.980715
vt 0.555168 0.980715
vt 0.605715 0.769285
vt 0.582752 0.769285
vt 0.555168 0.769285
vt 0.527584 0.769285
vt 0.500000 0.769285
vt 0.472416 0.769285
vt 0.444832 0.769285
vt 0.394285 0.957752
vt 0.394285 0.930168
vt 0.394285 0.902584
vt 0.394285 0.875000
vt 0.394285 0.847416
vt 0.394285 0.819832
vt 0.605715 0.792248
vt 0.605716 0.819832
vt 0.605715 0.847416
vt 0.605715 0.875000
vt 0.605715 0.902584
vt 0.605715 0.930168
s 1
usemtl Material.001
f 48/78/47 50/78/46 131/78/46 132/78/47
f 133/111/1 135/107/1 134/110/1 132/112/1 131/113/1 130/114/1 129/115/1 128/116/1
f 51/78/45 52/78/44 129/78/44 130/78/45
f 6/78/4 114/78/4 135/78/4 133/78/4
f 49/78/43 6/78/48 133/78/48 128/78/43
f 50/78/46 51/78/45 130/78/45 131/78/46
f 52/78/44 49/78/43 128/78/43 129/78/44
f 114/107/57 113/110/57 134/110/57 135/107/57
f 113/78/2 48/78/47 132/78/47 134/78/2
usemtl Material.002
f 12/1/1 10/2/1 23/2/1 24/1/1
f 18/3/1 17/4/1 29/4/1 30/3/1
f 11/5/2 12/1/2 24/1/2 25/5/2
f 7/6/3 9/7/3 22/7/3 20/6/3
f 9/7/3 11/5/3 25/5/3 22/7/3
f 10/2/1 8/8/1 21/8/1 23/2/1
f 8/8/4 7/6/4 20/6/4 21/8/4
f 14/9/5 15/10/5 21/8/5 20/6/5
f 16/11/5 14/9/5 20/6/5 22/7/5
f 15/10/5 17/4/5 23/2/5 21/8/5
f 18/3/5 19/12/5 25/5/5 24/1/5
f 19/12/5 16/11/5 22/7/5 25/5/5
f 17/4/5 18/3/5 24/1/5 23/2/5
f 26/9/5 28/11/5 31/12/5 30/3/5 29/4/5 27/10/5
f 19/12/2 18/3/2 30/3/2 31/12/2
f 14/9/3 16/11/3 28/11/3 26/9/3
f 16/11/3 19/12/3 31/12/3 28/11/3
f 17/4/1 15/10/1 27/10/1 29/4/1
f 15/10/4 14/9/4 26/9/4 27/10/4
f 53/13/6 56/14/7 55/15/8
f 56/14/7 57/16/9 55/15/8
f 57/16/9 58/17/10 55/15/8
f 58/17/11 54/18/12 55/15/13
f 66/19/14 67/20/15 105/21/16
f 67/20/15 68/22/17 105/21/16
f 68/22/17 69/23/18 105/21/16
f 69/23/19 226/21/20 105/21/21
f 225/24/22 73/25/23 72/26/24
f 73/25/25 74/27/26 72/26/27
f 74/27/26 75/28/28 72/26/27
f 75/28/28 71/29/14 72/26/27
f 53/13/6 60/30/29 65/31/30 56/14/7
f 56/14/7 65/31/30 64/32/31 57/33/9
f 57/33/9 64/34/31 63/35/32 58/36/33
f 58/36/33 63/35/32 59/37/34 54/38/35
f 37/39/36 33/40/36 36/41/37 40/42/37
f 40/42/37 36/41/37 35/43/38 41/44/38
f 41/45/38 35/46/38 34/47/39 42/48/39
f 42/48/39 34/47/39 32/49/40 38/50/40
f 66/19/14 71/51/14 75/52/28 67/20/15
f 67/20/15 75/52/28 74/53/26 68/54/17
f 68/54/17 74/53/26 73/25/41 69/55/41
f 69/55/41 73/25/41 225/24/42 226/56/42
f 43/57/43 106/58/43 107/59/44 45/60/44
f 45/60/44 107/59/44 108/61/45 46/62/45
f 46/62/45 108/61/45 109/63/46 47/64/46
f 47/64/46 109/63/46 227/65/47 228/66/47
f 5/57/48 33/40/36 37/39/36 111/58/48
f 59/37/34 38/50/40 32/49/40 54/38/35
f 55/15/13 54/38/12 32/49/3 34/47/3 35/46/3 36/67/3 33/68/3 5/57/3 13/26/3
f 13/26/3 5/57/3 43/57/3 45/60/3 46/62/3 47/64/3 228/66/3 225/24/22 72/26/24
f 5/57/48 111/58/48 106/58/43 43/57/43
f 7/6/5 8/8/5 60/30/29 53/13/6
f 9/7/5 7/6/5 53/13/6 55/15/8 13/26/5
f 8/8/5 10/2/5 112/21/5 61/88/5 60/30/29
f 12/1/5 11/5/5 71/51/14 66/19/14
f 10/2/5 12/1/5 66/19/14 105/21/16 112/21/5
f 11/5/5 9/7/5 13/26/5 72/26/27 71/51/14
f 154/96/1 155/97/1 105/21/21 226/56/20
f 115/98/1 116/99/1 107/59/1 106/58/1
f 116/99/1 117/100/1 108/61/1 107/59/1
f 117/100/1 118/101/1 109/63/1 108/61/1
f 118/101/1 119/102/1 227/65/1 109/63/1
f 119/102/1 157/103/1 154/96/1 226/56/20 227/65/1
f 120/104/1 115/98/1 106/58/1 111/58/55
f 155/97/1 156/105/1 112/21/55 105/21/21
f 156/105/1 158/106/1 120/104/1 111/58/55 112/21/55
f 114/107/1 158/78/1 122/108/1 121/109/1 157/78/1 113/110/1
f 155/97/56 154/96/56 149/96/56 150/97/56
f 158/106/57 157/103/57 142/103/57 143/106/57
f 157/103/58 158/106/58 153/106/58 151/103/58
f 156/105/5 155/97/5 150/97/5 152/105/5
f 154/96/2 157/103/2 151/103/2 149/96/2
f 158/106/4 156/105/4 152/105/4 153/106/4
f 124/78/3 123/78/3 154/78/3 155/78/3
f 123/78/3 125/78/3 157/78/3 154/78/3
f 126/78/3 124/78/3 155/78/3 156/78/3
f 127/78/3 126/78/3 156/78/3 158/78/3
f 125/78/3 127/78/3 158/78/3 157/78/3
f 121/109/59 122/108/59 148/121/59 146/119/59
f 126/78/60 127/78/60 148/121/60 147/120/60
f 125/78/61 123/78/62 144/117/63 146/119/61
f 124/78/64 126/78/65 147/120/65 145/118/66
f 123/78/62 124/78/64 145/118/66 144/117/63
f 162/109/58 163/108/58 168/108/58 166/109/58
f 169/122/1 170/123/1 167/124/1 165/125/1 164/126/1
f 159/78/5 161/78/5 165/78/5 167/78/5
f 161/78/56 160/78/56 164/78/56 165/78/56
f 163/78/4 159/78/4 167/78/4 170/78/4 224/78/4 223/78/4 222/78/4 221/78/4 220/78/4 219/78/4 218/78/4 217/78/4 216/78/4 215/78/4 214/78/4 213/78/4 212/78/4 211/78/4 210/78/4 209/78/4 208/78/4 207/78/4 206/78/4 205/78/4 204/78/4 203/78/4 202/78/4 201/78/4 200/78/4 199/78/4 198/78/4 168/78/4
f 160/78/2 162/78/2 166/78/2 171/78/2 172/78/2 173/78/2 174/78/2 175/78/2 176/78/2 177/78/2 178/78/2 179/78/2 180/78/2 181/78/2 182/78/2 183/78/2 184/78/2 185/78/2 186/78/2 187/78/2 188/78/2 189/78/2 190/78/2 191/78/2 192/78/2 193/78/2 194/78/2 195/78/2 196/78/2 197/78/2 169/78/2 164/78/2
f 161/78/3 159/78/3 163/78/3 162/109/3 160/78/3
f 197/127/67 224/128/68 170/123/1 169/122/1
f 166/109/1 168/108/1 198/129/1 171/130/1
f 171/130/69 198/129/69 199/131/69 172/132/69
f 172/132/70 199/131/70 200/133/70 173/134/70
f 173/134/71 200/133/71 201/135/71 174/136/71
f 174/136/72 201/135/72 202/137/72 175/138/72
f 175/138/73 202/137/73 203/139/73 176/140/73
f 176/140/74 203/139/74 204/141/74 177/142/74
f 177/142/75 204/141/75 205/143/75 178/144/75
f 178/144/76 205/143/76 206/145/76 179/146/76
f 179/146/77 206/145/77 207/147/77 180/148/77
f 180/148/78 207/147/78 208/149/78 181/150/78
f 181/150/79 208/149/79 209/151/79 182/152/79
f 182/152/80 209/151/80 210/153/80 183/154/80
f 183/154/81 210/153/81 211/155/81 184/156/81
f 184/156/82 211/155/82 212/157/82 185/158/82
f 185/158/83 212/157/83 213/159/83 186/160/83
f 186/160/84 213/159/84 214/161/84 187/162/84
f 187/162/85 214/161/85 215/163/85 188/164/85
f 188/164/86 215/163/86 216/165/86 189/166/86
f 189/166/87 216/165/87 217/167/87 190/168/87
f 190/168/88 217/167/88 218/169/88 191/170/88
f 191/170/89 218/169/89 219/171/89 192/172/89
f 192/172/90 219/171/90 220/173/90 193/174/90
f 193/174/91 220/173/91 221/175/91 194/176/91
f 194/176/92 221/175/92 222/177/92 195/178/92
f 195/178/93 222/177/93 223/179/93 196/180/93
f 196/180/94 223/179/94 224/128/68 197/127/67
f 229/188/2 230/189/2 226/56/42 225/24/42
f 231/190/2 232/191/2 228/66/47 227/65/47
f 232/191/2 229/188/2 225/24/42 228/66/47
f 230/189/2 231/190/2 227/65/47 226/56/42
f 70/192/2 44/193/2 110/194/2 104/195/2
f 236/196/98 233/197/98 243/197/1 242/196/1
f 232/191/48 231/190/48 239/190/48 240/191/48
f 233/197/99 234/198/99 241/198/48 243/197/48
f 231/190/1 230/189/1 238/189/1 239/190/1
f 104/195/100 110/194/100 235/199/101 234/198/101
f 44/193/102 70/192/102 233/197/98 236/196/98
f 110/194/103 44/193/103 236/196/104 235/199/104
f 70/192/105 104/195/105 234/198/99 233/197/99
f 243/197/2 241/198/2 238/189/2 237/188/2
f 244/199/2 242/196/2 240/191/2 239/190/2
f 242/196/2 243/197/2 237/188/2 240/191/2
f 241/198/2 244/199/2 239/190/2 238/189/2
f 229/188/3 232/191/3 240/191/3 237/188/3
f 235/199/104 236/196/104 242/196/5 244/199/5
f 230/189/5 229/188/5 237/188/5 238/189/5
f 234/198/101 235/199/101 244/199/3 241/198/3
f 82/200/1 2/201/1 246/77/95 245/181/95
f 89/202/1 3/203/1 248/79/54 247/95/53
f 3/203/1 96/204/1 249/80/1 248/79/54
f 2/201/1 103/205/1 250/69/1 246/77/95
f 1/206/1 76/207/1 252/182/95 251/87/95
f 76/207/1 77/208/1 253/183/95 252/182/95
f 77/208/1 78/209/1 254/184/95 253/183/95
f 78/209/1 79/210/1 255/185/95 254/184/95
f 79/210/1 80/211/1 256/186/95 255/185/95
f 80/211/1 81/212/1 257/187/95 256/186/95
f 81/212/1 82/200/1 245/181/95 257/187/95
f 4/213/1 83/214/1 259/89/53 258/76/54
f 83/214/1 84/215/1 260/90/53 259/89/53
f 84/215/1 85/216/1 261/91/53 260/90/53
f 85/216/1 86/217/1 262/92/53 261/91/53
f 86/217/1 87/218/1 263/93/53 262/92/53
f 87/218/1 88/219/1 264/94/53 263/93/53
f 88/219/1 89/202/1 247/95/53 264/94/53
f 90/220/1 1/206/1 251/87/95 265/86/1
f 91/221/1 90/220/1 265/86/1 266/85/1
f 92/222/1 91/221/1 266/85/1 267/84/1
f 93/223/1 92/222/1 267/84/1 268/83/1
f 94/224/1 93/223/1 268/83/1 269/82/1
f 95/225/1 94/224/1 269/82/1 270/81/1
f 96/204/1 95/225/1 270/81/1 249/80/1
f 97/226/1 4/213/1 258/76/54 271/75/1
f 98/227/1 97/226/1 271/75/1 272/74/1
f 99/228/1 98/227/1 272/74/1 273/73/1
f 100/229/1 99/228/1 273/73/1 274/72/1
f 101/230/1 100/229/1 274/72/1 275/71/1
f 102/231/1 101/230/1 275/71/1 276/70/1
f 103/205/1 102/231/1 276/70/1 250/69/1
usemtl Material.004
f 250/69/49 276/70/49 275/71/49 274/72/49 273/73/49 272/74/49 271/75/49 258/76/49 111/58/49 37/39/49 40/42/49 41/44/49 39/77/49 246/77/49
f 248/79/50 249/80/50 270/81/50 269/82/50 268/83/50 267/84/50 266/85/50 265/86/50 251/87/50 62/87/51 61/88/52 112/21/50
f 259/89/53 260/90/53 261/91/53 262/92/53 263/93/53 264/94/53 247/95/53 248/79/54 112/21/55 111/58/55 258/76/54
f 117/100/45 116/99/44 137/99/44 138/100/45
f 136/98/1 141/104/1 143/106/1 142/103/1 140/102/1 139/101/1 138/100/1 137/99/1
f 157/103/2 119/102/47 140/102/47 142/103/2
f 118/101/46 117/100/45 138/100/45 139/101/46
f 116/99/44 115/98/43 136/98/43 137/99/44
f 120/104/4 158/106/4 143/106/4 141/104/4
f 115/98/43 120/104/48 141/104/48 136/98/43
f 119/102/47 118/101/46 139/101/46 140/102/47
f 144/117/1 145/118/1 150/97/1 149/96/1
f 146/119/1 144/117/1 149/96/1 151/103/1
f 145/118/1 147/120/1 152/105/1 150/97/1
f 147/120/1 148/121/1 153/106/1 152/105/1
f 148/121/1 146/119/1 151/103/1 153/106/1
f 245/181/95 246/77/95 39/77/96 41/45/96 42/48/96 38/50/96 59/37/96 63/35/96 64/34/96 62/87/96 251/87/95 252/182/95 253/183/95 254/184/95 255/185/95 256/186/95 257/187/95
f 62/87/51 64/32/97 65/31/97 60/30/97 61/88/52
o Cube.001
v 1.849211 1.488912 1.379616
v 1.849211 1.492973 1.381422
v 1.843683 1.492973 1.379616
v 1.849211 1.489221 1.380307
v 1.849211 1.490101 1.380893
v 1.847096 1.489221 1.379616
v 1.847043 1.489594 1.380325
v 1.847153 1.490308 1.380801
v 1.846019 1.490628 1.380659
v 1.847096 1.492973 1.381285
v 1.845302 1.492973 1.380893
v 1.849211 1.491419 1.381285
v 1.847043 1.491380 1.381119
v 1.845583 1.491461 1.380801
v 1.844103 1.491419 1.379616
v 1.845302 1.490101 1.379616
v 1.844103 1.492973 1.380307
v 1.844611 1.491380 1.380325
v 1.845583 1.490308 1.380289
v 1.849211 1.534967 1.381422
v 1.849211 1.539028 1.379616
v 1.843683 1.534967 1.379616
v 1.849211 1.536521 1.381285
v 1.849211 1.537839 1.380893
v 1.847096 1.534967 1.381285
v 1.847043 1.536560 1.381119
v 1.847153 1.537632 1.380801
v 1.846019 1.537312 1.380659
v 1.847096 1.538719 1.379616
v 1.845302 1.537839 1.379616
v 1.849211 1.538719 1.380307
v 1.847043 1.538346 1.380325
v 1.845583 1.537632 1.380289
v 1.844103 1.534967 1.380307
v 1.845302 1.534967 1.380893
v 1.844103 1.536521 1.379616
v 1.844611 1.536560 1.380325
v 1.845583 1.536479 1.380801
v 1.849211 1.488912 1.360940
v 1.843683 1.492973 1.360940
v 1.849211 1.492973 1.359133
v 1.847096 1.489221 1.360940
v 1.845302 1.490101 1.360940
v 1.849211 1.489221 1.360248
v 1.847043 1.489594 1.360231
v 1.845583 1.490308 1.360267
v 1.846019 1.490628 1.359897
v 1.844103 1.492973 1.360248
v 1.845302 1.492973 1.359662
v 1.844103 1.491419 1.360940
v 1.844611 1.491380 1.360231
v 1.845583 1.491461 1.359754
v 1.849211 1.491419 1.359271
v 1.849211 1.490101 1.359662
v 1.847096 1.492973 1.359271
v 1.847043 1.491380 1.359437
v 1.847153 1.490308 1.359754
v 1.849211 1.539028 1.360940
v 1.849211 1.534967 1.359133
v 1.843683 1.534967 1.360940
v 1.849211 1.538719 1.360248
v 1.849211 1.537839 1.359662
v 1.847096 1.538719 1.360940
v 1.847043 1.538346 1.360231
v 1.847153 1.537632 1.359754
v 1.846019 1.537312 1.359897
v 1.847096 1.534967 1.359271
v 1.845302 1.534967 1.359662
v 1.849211 1.536521 1.359271
v 1.847043 1.536560 1.359437
v 1.845583 1.536479 1.359754
v 1.844103 1.536521 1.360940
v 1.845302 1.537839 1.360940
v 1.844103 1.534967 1.360248
v 1.844611 1.536560 1.360231
v 1.845583 1.537632 1.360267
v 1.906380 1.488912 1.379616
v 1.911909 1.492973 1.379616
v 1.906380 1.492973 1.381422
v 1.908496 1.489221 1.379616
v 1.910289 1.490101 1.379616
v 1.906380 1.489221 1.380307
v 1.908549 1.489594 1.380325
v 1.910008 1.490308 1.380289
v 1.909572 1.490628 1.380659
v 1.911488 1.492973 1.380307
v 1.910289 1.492973 1.380893
v 1.911488 1.491419 1.379616
v 1.910980 1.491380 1.380325
v 1.910008 1.491461 1.380801
v 1.906380 1.491419 1.381285
v 1.906380 1.490101 1.380893
v 1.908496 1.492973 1.381285
v 1.908549 1.491380 1.381119
v 1.908439 1.490308 1.380801
v 1.906380 1.539028 1.379616
v 1.906380 1.534967 1.381422
v 1.911909 1.534967 1.379616
v 1.906380 1.538719 1.380307
v 1.906380 1.537839 1.380893
v 1.908496 1.538719 1.379616
v 1.908549 1.538346 1.380325
v 1.908439 1.537632 1.380801
v 1.909572 1.537312 1.380659
v 1.908496 1.534967 1.381285
v 1.910289 1.534967 1.380893
v 1.906380 1.536521 1.381285
v 1.908549 1.536560 1.381119
v 1.910008 1.536479 1.380801
v 1.911488 1.536521 1.379616
v 1.910289 1.537839 1.379616
v 1.911488 1.534967 1.380307
v 1.910980 1.536560 1.380325
v 1.910008 1.537632 1.380289
v 1.906380 1.488912 1.360940
v 1.906380 1.492973 1.359133
v 1.911909 1.492973 1.360940
v 1.906380 1.489221 1.360248
v 1.906380 1.490101 1.359662
v 1.908496 1.489221 1.360940
v 1.908549 1.489594 1.360231
v 1.908439 1.490308 1.359754
v 1.909572 1.490628 1.359897
v 1.908496 1.492973 1.359271
v 1.910289 1.492973 1.359662
v 1.906380 1.491419 1.359271
v 1.908549 1.491380 1.359437
v 1.910008 1.491461 1.359754
v 1.911488 1.491419 1.360940
v 1.910289 1.490101 1.360940
v 1.911488 1.492973 1.360248
v 1.910980 1.491380 1.360231
v 1.910008 1.490308 1.360267
v 1.906380 1.539028 1.360940
v 1.911909 1.534967 1.360940
v 1.906380 1.534967 1.359133
v 1.908496 1.538719 1.360940
v 1.910289 1.537839 1.360940
v 1.906380 1.538719 1.360248
v 1.908549 1.538346 1.360231
v 1.910008 1.537632 1.360267
v 1.909572 1.537312 1.359897
v 1.911488 1.534967 1.360248
v 1.910289 1.534967 1.359662
v 1.911488 1.536521 1.360940
v 1.910980 1.536560 1.360231
v 1.910008 1.536479 1.359754
v 1.906380 1.536521 1.359271
v 1.906380 1.537839 1.359662
v 1.908496 1.534967 1.359271
v 1.908549 1.536560 1.359437
v 1.908439 1.537632 1.359754
vn -0.1404 -0.8921 0.4295
vn -0.0898 -0.5481 0.8316
vn -0.4050 -0.8173 0.4099
vn -0.2646 -0.5234 0.8099
vn -0.0695 -0.0945 0.9931
vn -0.2142 -0.0965 0.9720
vn -0.0697 -0.2867 0.9555
vn -0.2101 -0.2860 0.9349
vn -0.8125 -0.2368 0.5327
vn -0.6580 -0.6043 0.4492
vn -0.4321 -0.1312 0.8922
vn -0.3980 -0.3728 0.8382
vn -0.0695 0.0945 0.9931
vn -0.0696 0.2868 0.9555
vn -0.2142 0.0965 0.9720
vn -0.2101 0.2860 0.9349
vn -0.1403 0.8921 0.4295
vn -0.4050 0.8173 0.4098
vn -0.0898 0.5481 0.8316
vn -0.2646 0.5234 0.8100
vn -0.8125 0.2368 0.5326
vn -0.4321 0.1312 0.8922
vn -0.6580 0.6044 0.4492
vn -0.3980 0.3728 0.8382
vn -0.1404 -0.8921 -0.4295
vn -0.4050 -0.8173 -0.4099
vn -0.0898 -0.5482 -0.8315
vn -0.2645 -0.5234 -0.8100
vn -0.8125 -0.2368 -0.5327
vn -0.4321 -0.1313 -0.8922
vn -0.6580 -0.6043 -0.4492
vn -0.3981 -0.3728 -0.8382
vn -0.0695 -0.0945 -0.9931
vn -0.0696 -0.2867 -0.9555
vn -0.2143 -0.0965 -0.9720
vn -0.2101 -0.2862 -0.9349
vn -0.1403 0.8921 -0.4295
vn -0.0898 0.5482 -0.8315
vn -0.4051 0.8173 -0.4099
vn -0.2645 0.5235 -0.8099
vn -0.0695 0.0945 -0.9931
vn -0.2143 0.0964 -0.9720
vn -0.0696 0.2867 -0.9555
vn -0.2101 0.2861 -0.9349
vn -0.8125 0.2368 -0.5327
vn -0.6580 0.6043 -0.4492
vn -0.4321 0.1313 -0.8922
vn -0.3980 0.3728 -0.8382
vn 0.1403 -0.8921 0.4295
vn 0.4050 -0.8174 0.4098
vn 0.0898 -0.5481 0.8316
vn 0.2646 -0.5235 0.8099
vn 0.8126 -0.2368 0.5326
vn 0.4320 -0.1312 0.8923
vn 0.6581 -0.6043 0.4492
vn 0.3980 -0.3728 0.8382
vn 0.0695 -0.0945 0.9931
vn 0.0697 -0.2868 0.9555
vn 0.2142 -0.0965 0.9720
vn 0.2101 -0.2860 0.9349
vn 0.1404 0.8921 0.4295
vn 0.0898 0.5481 0.8316
vn 0.4050 0.8173 0.4098
vn 0.2645 0.5235 0.8099
vn 0.0695 0.0945 0.9931
vn 0.2143 0.0965 0.9720
vn 0.0696 0.2867 0.9555
vn 0.2101 0.2860 0.9349
vn 0.8126 0.2368 0.5326
vn 0.6580 0.6043 0.4492
vn 0.4320 0.1312 0.8923
vn 0.3981 0.3729 0.8382
vn 0.1404 -0.8921 -0.4295
vn 0.0898 -0.5482 -0.8315
vn 0.4050 -0.8173 -0.4099
vn 0.2645 -0.5235 -0.8099
vn 0.0695 -0.0945 -0.9931
vn 0.2143 -0.0965 -0.9720
vn 0.0696 -0.2867 -0.9555
vn 0.2101 -0.2861 -0.9349
vn 0.8126 -0.2368 -0.5326
vn 0.6581 -0.6043 -0.4492
vn 0.4320 -0.1312 -0.8923
vn 0.3981 -0.3728 -0.8382
vn 0.1403 0.8921 -0.4295
vn 0.4050 0.8173 -0.4098
vn 0.0898 0.5482 -0.8315
vn 0.2645 0.5236 -0.8099
vn 0.8126 0.2368 -0.5326
vn 0.4320 0.1312 -0.8923
vn 0.6581 0.6043 -0.4492
vn 0.3981 0.3728 -0.8382
vn 0.0695 0.0945 -0.9931
vn 0.0696 0.2867 -0.9555
vn 0.2143 0.0965 -0.9720
vn 0.2101 0.2861 -0.9349
vn -0.1446 -0.9895 -0.0000
vn -0.4406 -0.8977 -0.0000
vn -0.7397 -0.6729 -0.0000
vn -0.9653 -0.2613 -0.0000
vn -0.0648 -0.0000 0.9979
vn -0.2133 -0.0000 0.9770
vn -0.4392 -0.0000 0.8984
vn -0.8541 -0.0000 0.5201
vn -0.1445 0.9895 -0.0000
vn -0.4406 0.8977 -0.0000
vn -0.7397 0.6729 -0.0000
vn -0.9652 0.2613 -0.0000
vn -0.0648 -0.0000 -0.9979
vn -0.2133 -0.0000 -0.9770
vn -0.4392 -0.0000 -0.8984
vn -0.8541 -0.0000 -0.5201
vn -0.0000 -0.9129 -0.4083
vn -0.0000 -0.5541 -0.8325
vn -0.0000 -0.2849 -0.9585
vn -0.0000 -0.0880 -0.9961
vn -0.0000 0.9129 -0.4083
vn -0.0000 0.5541 -0.8325
vn -0.0000 0.2849 -0.9585
vn -0.0000 0.0880 -0.9961
vn 0.8541 -0.0000 -0.5201
vn 0.4392 -0.0000 -0.8984
vn 0.2133 -0.0000 -0.9770
vn 0.0648 -0.0000 -0.9979
vn 0.1446 -0.9895 -0.0000
vn 0.4406 -0.8977 -0.0000
vn 0.7397 -0.6729 -0.0000
vn 0.9653 -0.2613 -0.0000
vn 0.1446 0.9895 -0.0000
vn 0.4406 0.8977 -0.0000
vn 0.7397 0.6729 -0.0000
vn 0.9652 0.2613 -0.0000
vn 0.0648 -0.0000 0.9979
vn 0.2132 -0.0000 0.9770
vn 0.4393 -0.0000 0.8983
vn 0.8541 -0.0000 0.5201
vn -0.0000 -0.9129 0.4083
vn -0.0000 -0.5542 0.8324
vn -0.0000 -0.2848 0.9586
vn -0.0000 -0.0881 0.9961
vn -0.0000 0.9129 0.4083
vn -0.0000 0.5542 0.8324
vn -0.0000 0.2848 0.9586
vn -0.0000 0.0881 0.9961
vn -0.0000 -1.0000 -0.0000
vn -1.0000 -0.0000 -0.0000
vn -0.0000 -0.0000 1.0000
vn -0.0000 1.0000 -0.0000
vn -0.0000 -0.0000 -1.0000
vn 1.0000 -0.0000 -0.0000
vt 0.145259 0.729741
vt 0.145259 0.737494
vt 0.137312 0.737688
vt 0.137506 0.729741
vt 0.145259 0.750000
vt 0.137715 0.750000
vt 0.125000 0.737285
vt 0.125000 0.729741
vt 0.133562 0.750000
vt 0.395259 0.979741
vt 0.395259 0.987494
vt 0.387312 0.987688
vt 0.387506 0.979741
vt 0.395259 1.000000
vt 0.387715 1.000000
vt 0.375000 0.987285
vt 0.375000 0.979741
vt 0.383562 1.000000
vt 0.395259 0.020259
vt 0.387506 0.020259
vt 0.387312 0.012312
vt 0.395259 0.012506
vt 0.375000 0.020259
vt 0.375000 0.012715
vt 0.387715 0.000000
vt 0.395259 0.000000
vt 0.375000 0.008562
vt 0.604741 0.979741
vt 0.612494 0.979741
vt 0.612688 0.987688
vt 0.604741 0.987494
vt 0.625000 0.979741
vt 0.625000 0.987285
vt 0.612285 1.000000
vt 0.604741 1.000000
vt 0.625000 0.991438
vt 0.854741 0.729741
vt 0.862494 0.729741
vt 0.862688 0.737688
vt 0.854741 0.737494
vt 0.875000 0.729741
vt 0.875000 0.737285
vt 0.862285 0.750000
vt 0.854741 0.750000
vt 0.875000 0.741438
vt 0.604741 0.020259
vt 0.604741 0.012506
vt 0.612688 0.012312
vt 0.612494 0.020259
vt 0.604741 0.000000
vt 0.612285 0.000000
vt 0.625000 0.012715
vt 0.625000 0.020259
vt 0.616438 0.000000
vt 0.145259 0.520259
vt 0.137506 0.520259
vt 0.137312 0.512312
vt 0.145259 0.512506
vt 0.125000 0.520259
vt 0.125000 0.512715
vt 0.137715 0.500000
vt 0.145259 0.500000
vt 0.125000 0.508562
vt 0.395259 0.229741
vt 0.395259 0.237494
vt 0.387312 0.237688
vt 0.387506 0.229741
vt 0.395259 0.250000
vt 0.387715 0.250000
vt 0.375000 0.237285
vt 0.375000 0.229741
vt 0.379281 0.254281
vt 0.395259 0.270259
vt 0.387506 0.270259
vt 0.387312 0.262312
vt 0.395259 0.262506
vt 0.375000 0.270259
vt 0.375000 0.262715
vt 0.854741 0.520259
vt 0.854741 0.512506
vt 0.862688 0.512312
vt 0.862494 0.520259
vt 0.854741 0.500000
vt 0.862285 0.500000
vt 0.875000 0.512715
vt 0.875000 0.520259
vt 0.866438 0.500000
vt 0.604741 0.270259
vt 0.604741 0.262506
vt 0.612688 0.262312
vt 0.612494 0.270259
vt 0.604741 0.250000
vt 0.612285 0.250000
vt 0.625000 0.262715
vt 0.625000 0.270259
vt 0.620719 0.245719
vt 0.604741 0.229741
vt 0.612494 0.229741
vt 0.612688 0.237688
vt 0.604741 0.237494
vt 0.625000 0.229741
vt 0.625000 0.237285
vt 0.354741 0.729741
vt 0.362494 0.729741
vt 0.362688 0.737688
vt 0.354741 0.737494
vt 0.375000 0.729741
vt 0.375000 0.737285
vt 0.368642 0.756358
vt 0.364871 0.760129
vt 0.377854 0.750000
vt 0.395259 0.729741
vt 0.395259 0.737494
vt 0.387312 0.737688
vt 0.387506 0.729741
vt 0.395259 0.750000
vt 0.387715 0.750000
vt 0.395259 0.770259
vt 0.387506 0.770259
vt 0.387312 0.762312
vt 0.395259 0.762506
vt 0.645259 0.729741
vt 0.645259 0.737494
vt 0.637312 0.737688
vt 0.637506 0.729741
vt 0.635129 0.760129
vt 0.631357 0.756358
vt 0.625000 0.737285
vt 0.625000 0.729741
vt 0.625000 0.747146
vt 0.604741 0.770259
vt 0.604741 0.762506
vt 0.612688 0.762312
vt 0.612494 0.770259
vt 0.604741 0.750000
vt 0.612285 0.750000
vt 0.604741 0.729741
vt 0.612494 0.729741
vt 0.612688 0.737688
vt 0.604741 0.737494
vt 0.354741 0.520259
vt 0.354741 0.512506
vt 0.362688 0.512312
vt 0.362494 0.520259
vt 0.364871 0.489871
vt 0.368642 0.493642
vt 0.375000 0.512715
vt 0.375000 0.520259
vt 0.375000 0.502854
vt 0.395259 0.479741
vt 0.395259 0.487494
vt 0.387312 0.487688
vt 0.387506 0.479741
vt 0.395259 0.500000
vt 0.387715 0.500000
vt 0.395259 0.520259
vt 0.387506 0.520259
vt 0.387312 0.512312
vt 0.395259 0.512506
vt 0.645259 0.520259
vt 0.637506 0.520259
vt 0.637312 0.512312
vt 0.645259 0.512506
vt 0.625000 0.520259
vt 0.625000 0.512715
vt 0.631358 0.493642
vt 0.635129 0.489871
vt 0.622146 0.500000
vt 0.604741 0.520259
vt 0.604741 0.512506
vt 0.612688 0.512312
vt 0.612494 0.520259
vt 0.604741 0.500000
vt 0.612285 0.500000
vt 0.604741 0.479741
vt 0.612494 0.479741
vt 0.612688 0.487688
vt 0.604741 0.487494
s 0
f 277/232/106 280/233/106 283/234/106 282/235/106
f 280/233/107 281/236/107 284/237/107 283/234/107
f 282/235/108 283/234/108 295/238/108 292/239/108
f 283/234/109 284/237/109 285/240/109 295/238/109
f 278/241/110 286/242/110 289/243/110 288/244/110
f 286/242/111 287/245/111 290/246/111 289/243/111
f 288/244/112 289/243/112 284/247/112 281/248/112
f 289/243/113 290/246/113 285/249/113 284/247/113
f 279/250/114 291/251/114 294/252/114 293/253/114
f 291/251/115 292/254/115 295/255/115 294/252/115
f 293/253/116 294/252/116 290/256/116 287/257/116
f 294/252/117 295/255/117 285/258/117 290/256/117
f 296/259/118 299/260/118 302/261/118 301/262/118
f 299/260/119 300/263/119 303/264/119 302/261/119
f 301/262/120 302/261/120 314/265/120 311/266/120
f 302/261/121 303/264/121 304/267/121 314/265/121
f 297/268/122 305/269/122 308/270/122 307/271/122
f 305/269/123 306/272/123 309/273/123 308/270/123
f 307/271/124 308/270/124 303/274/124 300/275/124
f 308/270/125 309/273/125 304/276/125 303/274/125
f 298/277/126 310/278/126 313/279/126 312/280/126
f 310/278/127 311/281/127 314/282/127 313/279/127
f 312/280/128 313/279/128 309/283/128 306/284/128
f 313/279/129 314/282/129 304/285/129 309/283/129
f 315/286/130 318/287/130 321/288/130 320/289/130
f 318/287/131 319/290/131 322/291/131 321/288/131
f 320/289/132 321/288/132 333/292/132 330/293/132
f 321/288/133 322/291/133 323/294/133 333/292/133
f 316/295/134 324/296/134 327/297/134 326/298/134
f 324/296/135 325/299/135 328/300/135 327/297/135
f 326/298/136 327/297/136 322/301/136 319/302/136
f 327/297/137 328/300/137 323/303/137 322/301/137
f 317/304/138 329/305/138 332/306/138 331/307/138
f 329/305/139 330/308/139 333/309/139 332/306/139
f 331/307/140 332/306/140 328/300/140 325/299/140
f 332/306/141 333/309/141 323/303/141 328/300/141
f 334/310/142 337/311/142 340/312/142 339/313/142
f 337/311/143 338/314/143 341/315/143 340/312/143
f 339/313/144 340/312/144 352/316/144 349/317/144
f 340/312/145 341/315/145 342/318/145 352/316/145
f 335/319/146 343/320/146 346/321/146 345/322/146
f 343/320/147 344/323/147 347/324/147 346/321/147
f 345/322/148 346/321/148 341/325/148 338/326/148
f 346/321/149 347/324/149 342/327/149 341/325/149
f 336/328/150 348/329/150 351/330/150 350/331/150
f 348/329/151 349/332/151 352/333/151 351/330/151
f 350/331/152 351/330/152 347/324/152 344/323/152
f 351/330/153 352/333/153 342/327/153 347/324/153
f 353/334/154 356/335/154 359/336/154 358/337/154
f 356/335/155 357/338/155 360/339/155 359/336/155
f 358/337/156 359/336/156 371/340/156 368/341/156
f 359/336/157 360/339/157 361/342/157 371/340/157
f 354/343/158 362/344/158 365/345/158 364/346/158
f 362/344/159 363/347/159 366/348/159 365/345/159
f 364/346/160 365/345/160 360/339/160 357/338/160
f 365/345/161 366/348/161 361/342/161 360/339/161
f 355/349/162 367/350/162 370/351/162 369/352/162
f 367/350/163 368/341/163 371/340/163 370/351/163
f 369/352/164 370/351/164 366/348/164 363/347/164
f 370/351/165 371/340/165 361/342/165 366/348/165
f 372/353/166 375/354/166 378/355/166 377/356/166
f 375/354/167 376/357/167 379/358/167 378/355/167
f 377/356/168 378/355/168 390/359/168 387/360/168
f 378/355/169 379/358/169 380/361/169 390/359/169
f 373/362/170 381/363/170 384/364/170 383/365/170
f 381/363/171 382/366/171 385/367/171 384/364/171
f 383/365/172 384/364/172 379/358/172 376/357/172
f 384/364/173 385/367/173 380/361/173 379/358/173
f 374/368/174 386/369/174 389/370/174 388/371/174
f 386/369/175 387/360/175 390/359/175 389/370/175
f 388/371/176 389/370/176 385/367/176 382/366/176
f 389/370/177 390/359/177 380/361/177 385/367/177
f 391/372/178 394/373/178 397/374/178 396/375/178
f 394/373/179 395/376/179 398/377/179 397/374/179
f 396/375/180 397/374/180 409/378/180 406/379/180
f 397/374/181 398/377/181 399/380/181 409/378/181
f 392/381/182 400/382/182 403/383/182 402/384/182
f 400/382/183 401/385/183 404/386/183 403/383/183
f 402/384/184 403/383/184 398/377/184 395/376/184
f 403/383/185 404/386/185 399/380/185 398/377/185
f 393/387/186 405/388/186 408/389/186 407/390/186
f 405/388/187 406/379/187 409/378/187 408/389/187
f 407/390/188 408/389/188 404/386/188 401/385/188
f 408/389/189 409/378/189 399/380/189 404/386/189
f 410/391/190 413/392/190 416/393/190 415/394/190
f 413/392/191 414/395/191 417/396/191 416/393/191
f 415/394/192 416/393/192 428/397/192 425/398/192
f 416/393/193 417/396/193 418/399/193 428/397/193
f 411/400/194 419/401/194 422/402/194 421/403/194
f 419/401/195 420/404/195 423/405/195 422/402/195
f 421/403/196 422/402/196 417/396/196 414/395/196
f 422/402/197 423/405/197 418/399/197 417/396/197
f 412/406/198 424/407/198 427/408/198 426/409/198
f 424/407/199 425/398/199 428/397/199 427/408/199
f 426/409/200 427/408/200 423/405/200 420/404/200
f 427/408/201 428/397/201 418/399/201 423/405/201
f 315/286/202 277/232/202 282/235/202 318/287/202
f 318/287/203 282/235/203 292/239/203 319/290/203
f 319/302/204 292/254/204 291/251/204 326/298/204
f 326/298/205 291/251/205 279/250/205 316/295/205
f 278/241/206 296/259/206 301/262/206 286/242/206
f 286/242/207 301/262/207 311/266/207 287/245/207
f 287/257/208 311/281/208 310/278/208 293/253/208
f 293/253/209 310/278/209 298/277/209 279/250/209
f 297/268/210 334/310/210 339/313/210 305/269/210
f 305/269/211 339/313/211 349/317/211 306/272/211
f 306/284/212 349/332/212 348/329/212 312/280/212
f 312/280/213 348/329/213 336/328/213 298/277/213
f 335/319/214 317/304/214 331/307/214 343/320/214
f 343/320/215 331/307/215 325/299/215 344/323/215
f 344/323/216 325/299/216 324/296/216 350/331/216
f 350/331/217 324/296/217 316/295/217 336/328/217
f 391/372/218 315/286/218 320/289/218 394/373/218
f 394/373/219 320/289/219 330/293/219 395/376/219
f 395/376/220 330/308/220 329/305/220 402/384/220
f 402/384/221 329/305/221 317/304/221 392/381/221
f 334/310/222 410/391/222 415/394/222 337/311/222
f 337/311/223 415/394/223 425/398/223 338/314/223
f 338/326/224 425/398/224 424/407/224 345/322/224
f 345/322/225 424/407/225 412/406/225 335/319/225
f 411/400/226 393/387/226 407/390/226 419/401/226
f 419/401/227 407/390/227 401/385/227 420/404/227
f 420/404/228 401/385/228 400/382/228 426/409/228
f 426/409/229 400/382/229 392/381/229 412/406/229
f 353/334/230 391/372/230 396/375/230 356/335/230
f 356/335/231 396/375/231 406/379/231 357/338/231
f 357/338/232 406/379/232 405/388/232 364/346/232
f 364/346/233 405/388/233 393/387/233 354/343/233
f 410/391/234 372/353/234 377/356/234 413/392/234
f 413/392/235 377/356/235 387/360/235 414/395/235
f 414/395/236 387/360/236 386/369/236 421/403/236
f 421/403/237 386/369/237 374/368/237 411/400/237
f 373/362/238 355/349/238 369/352/238 381/363/238
f 381/363/239 369/352/239 363/347/239 382/366/239
f 382/366/240 363/347/240 362/344/240 388/371/240
f 388/371/241 362/344/241 354/343/241 374/368/241
f 277/232/242 353/334/242 358/337/242 280/233/242
f 280/233/243 358/337/243 368/341/243 281/236/243
f 281/248/244 368/341/244 367/350/244 288/244/244
f 288/244/245 367/350/245 355/349/245 278/241/245
f 372/353/246 297/268/246 307/271/246 375/354/246
f 375/354/247 307/271/247 300/275/247 376/357/247
f 376/357/248 300/263/248 299/260/248 383/365/248
f 383/365/249 299/260/249 296/259/249 373/362/249
f 315/286/250 391/372/250 353/334/250 277/232/250
f 279/250/251 298/277/251 336/328/251 316/295/251
f 355/349/252 373/362/252 296/259/252 278/241/252
f 410/391/253 334/310/253 297/268/253 372/353/253
f 317/304/254 335/319/254 412/406/254 392/381/254
f 393/387/255 411/400/255 374/368/255 354/343/255
o Cube.002
v 1.982301 1.488912 1.379616
v 1.982301 1.492973 1.381422
v 1.976772 1.492973 1.379616
v 1.982301 1.489221 1.380307
v 1.982301 1.490101 1.380893
v 1.980185 1.489221 1.379616
v 1.980132 1.489594 1.380325
v 1.980242 1.490308 1.380801
v 1.979109 1.490628 1.380659
v 1.980185 1.492973 1.381285
v 1.978391 1.492973 1.380893
v 1.982301 1.491419 1.381285
v 1.980132 1.491380 1.381119
v 1.978672 1.491461 1.380801
v 1.977193 1.491419 1.379616
v 1.978391 1.490101 1.379616
v 1.977193 1.492973 1.380307
v 1.977701 1.491380 1.380325
v 1.978672 1.490308 1.380289
v 1.982301 1.534967 1.381422
v 1.982301 1.539028 1.379616
v 1.976772 1.534967 1.379616
v 1.982301 1.536521 1.381285
v 1.982301 1.537839 1.380893
v 1.980185 1.534967 1.381285
v 1.980132 1.536560 1.381119
v 1.980242 1.537632 1.380801
v 1.979109 1.537312 1.380659
v 1.980185 1.538719 1.379616
v 1.978391 1.537839 1.379616
v 1.982301 1.538719 1.380307
v 1.980132 1.538346 1.380325
v 1.978672 1.537632 1.380289
v 1.977193 1.534967 1.380307
v 1.978391 1.534967 1.380893
v 1.977193 1.536521 1.379616
v 1.977701 1.536560 1.380325
v 1.978672 1.536479 1.380801
v 1.982301 1.488912 1.360940
v 1.976772 1.492973 1.360940
v 1.982301 1.492973 1.359133
v 1.980185 1.489221 1.360940
v 1.978391 1.490101 1.360940
v 1.982301 1.489221 1.360248
v 1.980132 1.489594 1.360231
v 1.978672 1.490308 1.360267
v 1.979109 1.490628 1.359897
v 1.977193 1.492973 1.360248
v 1.978391 1.492973 1.359662
v 1.977193 1.491419 1.360940
v 1.977701 1.491380 1.360231
v 1.978672 1.491461 1.359754
v 1.982301 1.491419 1.359271
v 1.982301 1.490101 1.359662
v 1.980185 1.492973 1.359271
v 1.980132 1.491380 1.359437
v 1.980242 1.490308 1.359754
v 1.982301 1.539028 1.360940
v 1.982301 1.534967 1.359133
v 1.976772 1.534967 1.360940
v 1.982301 1.538719 1.360248
v 1.982301 1.537839 1.359662
v 1.980185 1.538719 1.360940
v 1.980132 1.538346 1.360231
v 1.980242 1.537632 1.359754
v 1.979109 1.537312 1.359897
v 1.980185 1.534967 1.359271
v 1.978391 1.534967 1.359662
v 1.982301 1.536521 1.359271
v 1.980132 1.536560 1.359437
v 1.978672 1.536479 1.359754
v 1.977193 1.536521 1.360940
v 1.978391 1.537839 1.360940
v 1.977193 1.534967 1.360248
v 1.977701 1.536560 1.360231
v 1.978672 1.537632 1.360267
v 2.039469 1.488912 1.379616
v 2.044998 1.492973 1.379616
v 2.039469 1.492973 1.381422
v 2.041585 1.489221 1.379616
v 2.043378 1.490101 1.379616
v 2.039469 1.489221 1.380307
v 2.041638 1.489594 1.380325
v 2.043097 1.490308 1.380289
v 2.042661 1.490628 1.380659
v 2.044577 1.492973 1.380307
v 2.043378 1.492973 1.380893
v 2.044577 1.491419 1.379616
v 2.044069 1.491380 1.380325
v 2.043097 1.491461 1.380801
v 2.039469 1.491419 1.381285
v 2.039469 1.490101 1.380893
v 2.041585 1.492973 1.381285
v 2.041638 1.491380 1.381119
v 2.041528 1.490308 1.380801
v 2.039469 1.539028 1.379616
v 2.039469 1.534967 1.381422
v 2.044998 1.534967 1.379616
v 2.039469 1.538719 1.380307
v 2.039469 1.537839 1.380893
v 2.041585 1.538719 1.379616
v 2.041638 1.538346 1.380325
v 2.041528 1.537632 1.380801
v 2.042661 1.537312 1.380659
v 2.041585 1.534967 1.381285
v 2.043378 1.534967 1.380893
v 2.039469 1.536521 1.381285
v 2.041638 1.536560 1.381119
v 2.043097 1.536479 1.380801
v 2.044577 1.536521 1.379616
v 2.043378 1.537839 1.379616
v 2.044577 1.534967 1.380307
v 2.044069 1.536560 1.380325
v 2.043097 1.537632 1.380289
v 2.039469 1.488912 1.360940
v 2.039469 1.492973 1.359133
v 2.044998 1.492973 1.360940
v 2.039469 1.489221 1.360248
v 2.039469 1.490101 1.359662
v 2.041585 1.489221 1.360940
v 2.041638 1.489594 1.360231
v 2.041528 1.490308 1.359754
v 2.042661 1.490628 1.359897
v 2.041585 1.492973 1.359271
v 2.043378 1.492973 1.359662
v 2.039469 1.491419 1.359271
v 2.041638 1.491380 1.359437
v 2.043097 1.491461 1.359754
v 2.044577 1.491419 1.360940
v 2.043378 1.490101 1.360940
v 2.044577 1.492973 1.360248
v 2.044069 1.491380 1.360231
v 2.043097 1.490308 1.360267
v 2.039469 1.539028 1.360940
v 2.044998 1.534967 1.360940
v 2.039469 1.534967 1.359133
v 2.041585 1.538719 1.360940
v 2.043378 1.537839 1.360940
v 2.039469 1.538719 1.360248
v 2.041638 1.538346 1.360231
v 2.043097 1.537632 1.360267
v 2.042661 1.537312 1.359897
v 2.044577 1.534967 1.360248
v 2.043378 1.534967 1.359662
v 2.044577 1.536521 1.360940
v 2.044069 1.536560 1.360231
v 2.043097 1.536479 1.359754
v 2.039469 1.536521 1.359271
v 2.039469 1.537839 1.359662
v 2.041585 1.534967 1.359271
v 2.041638 1.536560 1.359437
v 2.041528 1.537632 1.359754
vn -0.1404 -0.8921 0.4295
vn -0.0898 -0.5481 0.8316
vn -0.4050 -0.8173 0.4099
vn -0.2646 -0.5234 0.8099
vn -0.0695 -0.0945 0.9931
vn -0.2142 -0.0965 0.9720
vn -0.0697 -0.2867 0.9555
vn -0.2101 -0.2860 0.9349
vn -0.8126 -0.2369 0.5325
vn -0.6580 -0.6043 0.4492
vn -0.4320 -0.1312 0.8923
vn -0.3980 -0.3728 0.8382
vn -0.0695 0.0945 0.9931
vn -0.0696 0.2868 0.9555
vn -0.2142 0.0965 0.9720
vn -0.2101 0.2860 0.9349
vn -0.1403 0.8921 0.4295
vn -0.4050 0.8173 0.4099
vn -0.0898 0.5481 0.8316
vn -0.2646 0.5234 0.8100
vn -0.8126 0.2368 0.5325
vn -0.4320 0.1312 0.8923
vn -0.6580 0.6043 0.4492
vn -0.3980 0.3728 0.8382
vn -0.1404 -0.8921 -0.4295
vn -0.4050 -0.8172 -0.4100
vn -0.0898 -0.5483 -0.8315
vn -0.2645 -0.5234 -0.8100
vn -0.8126 -0.2368 -0.5326
vn -0.4320 -0.1312 -0.8923
vn -0.6580 -0.6043 -0.4493
vn -0.3981 -0.3728 -0.8382
vn -0.0695 -0.0945 -0.9931
vn -0.0696 -0.2868 -0.9555
vn -0.2143 -0.0965 -0.9720
vn -0.2101 -0.2862 -0.9349
vn -0.1403 0.8921 -0.4295
vn -0.0898 0.5483 -0.8315
vn -0.4050 0.8172 -0.4099
vn -0.2645 0.5235 -0.8099
vn -0.0695 0.0945 -0.9931
vn -0.2143 0.0964 -0.9720
vn -0.0696 0.2867 -0.9555
vn -0.2101 0.2861 -0.9349
vn -0.8126 0.2368 -0.5325
vn -0.6580 0.6043 -0.4492
vn -0.4320 0.1312 -0.8923
vn -0.3980 0.3728 -0.8382
vn 0.1403 -0.8921 0.4295
vn 0.4050 -0.8174 0.4098
vn 0.0898 -0.5481 0.8316
vn 0.2646 -0.5234 0.8100
vn 0.8126 -0.2368 0.5326
vn 0.4320 -0.1312 0.8923
vn 0.6580 -0.6043 0.4492
vn 0.3980 -0.3728 0.8382
vn 0.0695 -0.0945 0.9931
vn 0.0697 -0.2868 0.9555
vn 0.2142 -0.0965 0.9720
vn 0.2101 -0.2858 0.9350
vn 0.1404 0.8921 0.4295
vn 0.0898 0.5481 0.8316
vn 0.4050 0.8174 0.4098
vn 0.2645 0.5235 0.8099
vn 0.0695 0.0945 0.9931
vn 0.2142 0.0965 0.9720
vn 0.0696 0.2868 0.9555
vn 0.2101 0.2858 0.9350
vn 0.8126 0.2368 0.5326
vn 0.6580 0.6044 0.4492
vn 0.4320 0.1312 0.8923
vn 0.3980 0.3728 0.8382
vn 0.1404 -0.8921 -0.4295
vn 0.0898 -0.5482 -0.8315
vn 0.4050 -0.8173 -0.4098
vn 0.2645 -0.5235 -0.8099
vn 0.0695 -0.0945 -0.9931
vn 0.2143 -0.0965 -0.9720
vn 0.0696 -0.2867 -0.9555
vn 0.2101 -0.2859 -0.9349
vn 0.8126 -0.2368 -0.5326
vn 0.6580 -0.6043 -0.4492
vn 0.4320 -0.1312 -0.8923
vn 0.3981 -0.3728 -0.8382
vn 0.1403 0.8921 -0.4295
vn 0.4050 0.8173 -0.4098
vn 0.0898 0.5482 -0.8315
vn 0.2645 0.5235 -0.8099
vn 0.8126 0.2368 -0.5326
vn 0.4320 0.1312 -0.8923
vn 0.6580 0.6043 -0.4493
vn 0.3981 0.3728 -0.8382
vn 0.0695 0.0945 -0.9931
vn 0.0696 0.2867 -0.9555
vn 0.2143 0.0965 -0.9720
vn 0.2101 0.2859 -0.9349
vn -0.1446 -0.9895 -0.0000
vn -0.4406 -0.8977 -0.0000
vn -0.7397 -0.6729 -0.0000
vn -0.9653 -0.2613 -0.0000
vn -0.0648 -0.0000 0.9979
vn -0.2132 -0.0000 0.9770
vn -0.4393 -0.0000 0.8983
vn -0.8541 -0.0000 0.5201
vn -0.1445 0.9895 -0.0000
vn -0.4406 0.8977 -0.0000
vn -0.7397 0.6729 -0.0000
vn -0.9652 0.2613 -0.0000
vn -0.0648 -0.0000 -0.9979
vn -0.2133 -0.0000 -0.9770
vn -0.4392 -0.0000 -0.8984
vn -0.8541 -0.0000 -0.5201
vn -0.0000 -0.9129 -0.4083
vn -0.0000 -0.5541 -0.8325
vn -0.0000 -0.2848 -0.9586
vn -0.0000 -0.0881 -0.9961
vn -0.0000 0.9129 -0.4083
vn -0.0000 0.5541 -0.8325
vn -0.0000 0.2848 -0.9586
vn -0.0000 0.0881 -0.9961
vn 0.8541 -0.0000 -0.5201
vn 0.4392 -0.0000 -0.8984
vn 0.2133 -0.0000 -0.9770
vn 0.0648 -0.0000 -0.9979
vn 0.1446 -0.9895 -0.0000
vn 0.4406 -0.8977 -0.0000
vn 0.7397 -0.6729 -0.0000
vn 0.9653 -0.2613 -0.0000
vn 0.1445 0.9895 -0.0000
vn 0.4406 0.8977 -0.0000
vn 0.7397 0.6729 -0.0000
vn 0.9652 0.2613 -0.0000
vn 0.0648 -0.0000 0.9979
vn 0.2133 -0.0000 0.9770
vn 0.4393 -0.0000 0.8983
vn 0.8541 -0.0000 0.5201
vn -0.0000 -0.9129 0.4083
vn -0.0000 -0.5542 0.8324
vn -0.0000 -0.2848 0.9586
vn -0.0000 -0.0880 0.9961
vn -0.0000 0.9129 0.4083
vn -0.0000 0.5542 0.8324
vn -0.0000 0.2848 0.9586
vn -0.0000 0.0880 0.9961
vn -0.0000 -1.0000 -0.0000
vn -1.0000 -0.0000 -0.0000
vn -0.0000 -0.0000 1.0000
vn -0.0000 1.0000 -0.0000
vn -0.0000 -0.0000 -1.0000
vn 1.0000 -0.0000 -0.0000
vt 0.145259 0.729741
vt 0.145259 0.737494
vt 0.137312 0.737688
vt 0.137506 0.729741
vt 0.145259 0.750000
vt 0.137715 0.750000
vt 0.125000 0.737285
vt 0.125000 0.729741
vt 0.133562 0.750000
vt 0.395259 0.979741
vt 0.395259 0.987494
vt 0.387312 0.987688
vt 0.387506 0.979741
vt 0.395259 1.000000
vt 0.387715 1.000000
vt 0.375000 0.987285
vt 0.375000 0.979741
vt 0.383562 1.000000
vt 0.395259 0.020259
vt 0.387506 0.020259
vt 0.387312 0.012312
vt 0.395259 0.012506
vt 0.375000 0.020259
vt 0.375000 0.012715
vt 0.387715 0.000000
vt 0.395259 0.000000
vt 0.375000 0.008562
vt 0.604741 0.979741
vt 0.612494 0.979741
vt 0.612688 0.987688
vt 0.604741 0.987494
vt 0.625000 0.979741
vt 0.625000 0.987285
vt 0.612285 1.000000
vt 0.604741 1.000000
vt 0.625000 0.991438
vt 0.854741 0.729741
vt 0.862494 0.729741
vt 0.862688 0.737688
vt 0.854741 0.737494
vt 0.875000 0.729741
vt 0.875000 0.737285
vt 0.862285 0.750000
vt 0.854741 0.750000
vt 0.875000 0.741438
vt 0.604741 0.020259
vt 0.604741 0.012506
vt 0.612688 0.012312
vt 0.612494 0.020259
vt 0.604741 0.000000
vt 0.612285 0.000000
vt 0.625000 0.012715
vt 0.625000 0.020259
vt 0.616438 0.000000
vt 0.145259 0.520259
vt 0.137506 0.520259
vt 0.137312 0.512312
vt 0.145259 0.512506
vt 0.125000 0.520259
vt 0.125000 0.512715
vt 0.137715 0.500000
vt 0.145259 0.500000
vt 0.125000 0.508562
vt 0.395259 0.229741
vt 0.395259 0.237494
vt 0.387312 0.237688
vt 0.387506 0.229741
vt 0.395259 0.250000
vt 0.387715 0.250000
vt 0.375000 0.237285
vt 0.375000 0.229741
vt 0.379281 0.254281
vt 0.395259 0.270259
vt 0.387506 0.270259
vt 0.387312 0.262312
vt 0.395259 0.262506
vt 0.375000 0.270259
vt 0.375000 0.262715
vt 0.854741 0.520259
vt 0.854741 0.512506
vt 0.862688 0.512312
vt 0.862494 0.520259
vt 0.854741 0.500000
vt 0.862285 0.500000
vt 0.875000 0.512715
vt 0.875000 0.520259
vt 0.866438 0.500000
vt 0.604741 0.270259
vt 0.604741 0.262506
vt 0.612688 0.262312
vt 0.612494 0.270259
vt 0.604741 0.250000
vt 0.612285 0.250000
vt 0.625000 0.262715
vt 0.625000 0.270259
vt 0.620719 0.245719
vt 0.604741 0.229741
vt 0.612494 0.229741
vt 0.612688 0.237688
vt 0.604741 0.237494
vt 0.625000 0.229741
vt 0.625000 0.237285
vt 0.354741 0.729741
vt 0.362494 0.729741
vt 0.362688 0.737688
vt 0.354741 0.737494
vt 0.375000 0.729741
vt 0.375000 0.737285
vt 0.368642 0.756358
vt 0.364871 0.760129
vt 0.377854 0.750000
vt 0.395259 0.729741
vt 0.395259 0.737494
vt 0.387312 0.737688
vt 0.387506 0.729741
vt 0.395259 0.750000
vt 0.387715 0.750000
vt 0.395259 0.770259
vt 0.387506 0.770259
vt 0.387312 0.762312
vt 0.395259 0.762506
vt 0.645259 0.729741
vt 0.645259 0.737494
vt 0.637312 0.737688
vt 0.637506 0.729741
vt 0.635129 0.760129
vt 0.631357 0.756358
vt 0.625000 0.737285
vt 0.625000 0.729741
vt 0.625000 0.747146
vt 0.604741 0.770259
vt 0.604741 0.762506
vt 0.612688 0.762312
vt 0.612494 0.770259
vt 0.604741 0.750000
vt 0.612285 0.750000
vt 0.604741 0.729741
vt 0.612494 0.729741
vt 0.612688 0.737688
vt 0.604741 0.737494
vt 0.354741 0.520259
vt 0.354741 0.512506
vt 0.362688 0.512312
vt 0.362494 0.520259
vt 0.364871 0.489871
vt 0.368642 0.493642
vt 0.375000 0.512715
vt 0.375000 0.520259
vt 0.375000 0.502854
vt 0.395259 0.479741
vt 0.395259 0.487494
vt 0.387312 0.487688
vt 0.387506 0.479741
vt 0.395259 0.500000
vt 0.387715 0.500000
vt 0.395259 0.520259
vt 0.387506 0.520259
vt 0.387312 0.512312
vt 0.395259 0.512506
vt 0.645259 0.520259
vt 0.637506 0.520259
vt 0.637312 0.512312
vt 0.645259 0.512506
vt 0.625000 0.520259
vt 0.625000 0.512715
vt 0.631358 0.493642
vt 0.635129 0.489871
vt 0.622146 0.500000
vt 0.604741 0.520259
vt 0.604741 0.512506
vt 0.612688 0.512312
vt 0.612494 0.520259
vt 0.604741 0.500000
vt 0.612285 0.500000
vt 0.604741 0.479741
vt 0.612494 0.479741
vt 0.612688 0.487688
vt 0.604741 0.487494
s 0
f 429/410/256 432/411/256 435/412/256 434/413/256
f 432/411/257 433/414/257 436/415/257 435/412/257
f 434/413/258 435/412/258 447/416/258 444/417/258
f 435/412/259 436/415/259 437/418/259 447/416/259
f 430/419/260 438/420/260 441/421/260 440/422/260
f 438/420/261 439/423/261 442/424/261 441/421/261
f 440/422/262 441/421/262 436/425/262 433/426/262
f 441/421/263 442/424/263 437/427/263 436/425/263
f 431/428/264 443/429/264 446/430/264 445/431/264
f 443/429/265 444/432/265 447/433/265 446/430/265
f 445/431/266 446/430/266 442/434/266 439/435/266
f 446/430/267 447/433/267 437/436/267 442/434/267
f 448/437/268 451/438/268 454/439/268 453/440/268
f 451/438/269 452/441/269 455/442/269 454/439/269
f 453/440/270 454/439/270 466/443/270 463/444/270
f 454/439/271 455/442/271 456/445/271 466/443/271
f 449/446/272 457/447/272 460/448/272 459/449/272
f 457/447/273 458/450/273 461/451/273 460/448/273
f 459/449/274 460/448/274 455/452/274 452/453/274
f 460/448/275 461/451/275 456/454/275 455/452/275
f 450/455/276 462/456/276 465/457/276 464/458/276
f 462/456/277 463/459/277 466/460/277 465/457/277
f 464/458/278 465/457/278 461/461/278 458/462/278
f 465/457/279 466/460/279 456/463/279 461/461/279
f 467/464/280 470/465/280 473/466/280 472/467/280
f 470/465/281 471/468/281 474/469/281 473/466/281
f 472/467/282 473/466/282 485/470/282 482/471/282
f 473/466/283 474/469/283 475/472/283 485/470/283
f 468/473/284 476/474/284 479/475/284 478/476/284
f 476/474/285 477/477/285 480/478/285 479/475/285
f 478/476/286 479/475/286 474/479/286 471/480/286
f 479/475/287 480/478/287 475/481/287 474/479/287
f 469/482/288 481/483/288 484/484/288 483/485/288
f 481/483/289 482/486/289 485/487/289 484/484/289
f 483/485/290 484/484/290 480/478/290 477/477/290
f 484/484/291 485/487/291 475/481/291 480/478/291
f 486/488/292 489/489/292 492/490/292 491/491/292
f 489/489/293 490/492/293 493/493/293 492/490/293
f 491/491/294 492/490/294 504/494/294 501/495/294
f 492/490/295 493/493/295 494/496/295 504/494/295
f 487/497/296 495/498/296 498/499/296 497/500/296
f 495/498/297 496/501/297 499/502/297 498/499/297
f 497/500/298 498/499/298 493/503/298 490/504/298
f 498/499/299 499/502/299 494/505/299 493/503/299
f 488/506/300 500/507/300 503/508/300 502/509/300
f 500/507/301 501/510/301 504/511/301 503/508/301
f 502/509/302 503/508/302 499/502/302 496/501/302
f 503/508/303 504/511/303 494/505/303 499/502/303
f 505/512/304 508/513/304 511/514/304 510/515/304
f 508/513/305 509/516/305 512/517/305 511/514/305
f 510/515/306 511/514/306 523/518/306 520/519/306
f 511/514/307 512/517/307 513/520/307 523/518/307
f 506/521/308 514/522/308 517/523/308 516/524/308
f 514/522/309 515/525/309 518/526/309 517/523/309
f 516/524/310 517/523/310 512/517/310 509/516/310
f 517/523/311 518/526/311 513/520/311 512/517/311
f 507/527/312 519/528/312 522/529/312 521/530/312
f 519/528/313 520/519/313 523/518/313 522/529/313
f 521/530/314 522/529/314 518/526/314 515/525/314
f 522/529/315 523/518/315 513/520/315 518/526/315
f 524/531/316 527/532/316 530/533/316 529/534/316
f 527/532/317 528/535/317 531/536/317 530/533/317
f 529/534/318 530/533/318 542/537/318 539/538/318
f 530/533/319 531/536/319 532/539/319 542/537/319
f 525/540/320 533/541/320 536/542/320 535/543/320
f 533/541/321 534/544/321 537/545/321 536/542/321
f 535/543/322 536/542/322 531/536/322 528/535/322
f 536/542/323 537/545/323 532/539/323 531/536/323
f 526/546/324 538/547/324 541/548/324 540/549/324
f 538/547/325 539/538/325 542/537/325 541/548/325
f 540/549/326 541/548/326 537/545/326 534/544/326
f 541/548/327 542/537/327 532/539/327 537/545/327
f 543/550/328 546/551/328 549/552/328 548/553/328
f 546/551/329 547/554/329 550/555/329 549/552/329
f 548/553/330 549/552/330 561/556/330 558/557/330
f 549/552/331 550/555/331 551/558/331 561/556/331
f 544/559/332 552/560/332 555/561/332 554/562/332
f 552/560/333 553/563/333 556/564/333 555/561/333
f 554/562/334 555/561/334 550/555/334 547/554/334
f 555/561/335 556/564/335 551/558/335 550/555/335
f 545/565/336 557/566/336 560/567/336 559/568/336
f 557/566/337 558/557/337 561/556/337 560/567/337
f 559/568/338 560/567/338 556/564/338 553/563/338
f 560/567/339 561/556/339 551/558/339 556/564/339
f 562/569/340 565/570/340 568/571/340 567/572/340
f 565/570/341 566/573/341 569/574/341 568/571/341
f 567/572/342 568/571/342 580/575/342 577/576/342
f 568/571/343 569/574/343 570/577/343 580/575/343
f 563/578/344 571/579/344 574/580/344 573/581/344
f 571/579/345 572/582/345 575/583/345 574/580/345
f 573/581/346 574/580/346 569/574/346 566/573/346
f 574/580/347 575/583/347 570/577/347 569/574/347
f 564/584/348 576/585/348 579/586/348 578/587/348
f 576/585/349 577/576/349 580/575/349 579/586/349
f 578/587/350 579/586/350 575/583/350 572/582/350
f 579/586/351 580/575/351 570/577/351 575/583/351
f 467/464/352 429/410/352 434/413/352 470/465/352
f 470/465/353 434/413/353 444/417/353 471/468/353
f 471/480/354 444/432/354 443/429/354 478/476/354
f 478/476/355 443/429/355 431/428/355 468/473/355
f 430/419/356 448/437/356 453/440/356 438/420/356
f 438/420/357 453/440/357 463/444/357 439/423/357
f 439/435/358 463/459/358 462/456/358 445/431/358
f 445/431/359 462/456/359 450/455/359 431/428/359
f 449/446/360 486/488/360 491/491/360 457/447/360
f 457/447/361 491/491/361 501/495/361 458/450/361
f 458/462/362 501/510/362 500/507/362 464/458/362
f 464/458/363 500/507/363 488/506/363 450/455/363
f 487/497/364 469/482/364 483/485/364 495/498/364
f 495/498/365 483/485/365 477/477/365 496/501/365
f 496/501/366 477/477/366 476/474/366 502/509/366
f 502/509/367 476/474/367 468/473/367 488/506/367
f 543/550/368 467/464/368 472/467/368 546/551/368
f 546/551/369 472/467/369 482/471/369 547/554/369
f 547/554/370 482/486/370 481/483/370 554/562/370
f 554/562/371 481/483/371 469/482/371 544/559/371
f 486/488/372 562/569/372 567/572/372 489/489/372
f 489/489/373 567/572/373 577/576/373 490/492/373
f 490/504/374 577/576/374 576/585/374 497/500/374
f 497/500/375 576/585/375 564/584/375 487/497/375
f 563/578/376 545/565/376 559/568/376 571/579/376
f 571/579/377 559/568/377 553/563/377 572/582/377
f 572/582/378 553/563/378 552/560/378 578/587/378
f 578/587/379 552/560/379 544/559/379 564/584/379
f 505/512/380 543/550/380 548/553/380 508/513/380
f 508/513/381 548/553/381 558/557/381 509/516/381
f 509/516/382 558/557/382 557/566/382 516/524/382
f 516/524/383 557/566/383 545/565/383 506/521/383
f 562/569/384 524/531/384 529/534/384 565/570/384
f 565/570/385 529/534/385 539/538/385 566/573/385
f 566/573/386 539/538/386 538/547/386 573/581/386
f 573/581/387 538/547/387 526/546/387 563/578/387
f 525/540/388 507/527/388 521/530/388 533/541/388
f 533/541/389 521/530/389 515/525/389 534/544/389
f 534/544/390 515/525/390 514/522/390 540/549/390
f 540/549/391 514/522/391 506/521/391 526/546/391
f 429/410/392 505/512/392 510/515/392 432/411/392
f 432/411/393 510/515/393 520/519/393 433/414/393
f 433/426/394 520/519/394 519/528/394 440/422/394
f 440/422/395 519/528/395 507/527/395 430/419/395
f 524/531/396 449/446/396 459/449/396 527/532/396
f 527/532/397 459/449/397 452/453/397 528/535/397
f 528/535/398 452/441/398 451/438/398 535/543/398
f 535/543/399 451/438/399 448/437/399 525/540/399
f 467/464/400 543/550/400 505/512/400 429/410/400
f 431/428/401 450/455/401 488/506/401 468/473/401
f 507/527/402 525/540/402 448/437/402 430/419/402
f 562/569/403 486/488/403 449/446/403 524/531/403
f 469/482/404 487/497/404 564/584/404 544/559/404
f 545/565/405 563/578/405 526/546/405 506/521/405
o Cube.003
v 2.123684 1.488912 1.379616
v 2.123684 1.492973 1.381422
v 2.118155 1.492973 1.379616
v 2.123684 1.489221 1.380307
v 2.123684 1.490101 1.380893
v 2.121568 1.489221 1.379616
v 2.121515 1.489594 1.380325
v 2.121625 1.490308 1.380801
v 2.120492 1.490628 1.380659
v 2.121568 1.492973 1.381285
v 2.119775 1.492973 1.380893
v 2.123684 1.491419 1.381285
v 2.121515 1.491380 1.381119
v 2.120056 1.491461 1.380801
v 2.118576 1.491419 1.379616
v 2.119775 1.490101 1.379616
v 2.118576 1.492973 1.380307
v 2.119084 1.491380 1.380325
v 2.120056 1.490308 1.380289
v 2.123684 1.534967 1.381422
v 2.123684 1.539028 1.379616
v 2.118155 1.534967 1.379616
v 2.123684 1.536521 1.381285
v 2.123684 1.537839 1.380893
v 2.121568 1.534967 1.381285
v 2.121515 1.536560 1.381119
v 2.121625 1.537632 1.380801
v 2.120492 1.537312 1.380659
v 2.121568 1.538719 1.379616
v 2.119775 1.537839 1.379616
v 2.123684 1.538719 1.380307
v 2.121515 1.538346 1.380325
v 2.120056 1.537632 1.380289
v 2.118576 1.534967 1.380307
v 2.119775 1.534967 1.380893
v 2.118576 1.536521 1.379616
v 2.119084 1.536560 1.380325
v 2.120056 1.536479 1.380801
v 2.123684 1.488912 1.360940
v 2.118155 1.492973 1.360940
v 2.123684 1.492973 1.359133
v 2.121568 1.489221 1.360940
v 2.119775 1.490101 1.360940
v 2.123684 1.489221 1.360248
v 2.121515 1.489594 1.360231
v 2.120056 1.490308 1.360267
v 2.120492 1.490628 1.359897
v 2.118576 1.492973 1.360248
v 2.119775 1.492973 1.359662
v 2.118576 1.491419 1.360940
v 2.119084 1.491380 1.360231
v 2.120056 1.491461 1.359754
v 2.123684 1.491419 1.359271
v 2.123684 1.490101 1.359662
v 2.121568 1.492973 1.359271
v 2.121515 1.491380 1.359437
v 2.121625 1.490308 1.359754
v 2.123684 1.539028 1.360940
v 2.123684 1.534967 1.359133
v 2.118155 1.534967 1.360940
v 2.123684 1.538719 1.360248
v 2.123684 1.537839 1.359662
v 2.121568 1.538719 1.360940
v 2.121515 1.538346 1.360231
v 2.121625 1.537632 1.359754
v 2.120492 1.537312 1.359897
v 2.121568 1.534967 1.359271
v 2.119775 1.534967 1.359662
v 2.123684 1.536521 1.359271
v 2.121515 1.536560 1.359437
v 2.120056 1.536479 1.359754
v 2.118576 1.536521 1.360940
v 2.119775 1.537839 1.360940
v 2.118576 1.534967 1.360248
v 2.119084 1.536560 1.360231
v 2.120056 1.537632 1.360267
v 2.180852 1.488912 1.379616
v 2.186381 1.492973 1.379616
v 2.180852 1.492973 1.381422
v 2.182968 1.489221 1.379616
v 2.184762 1.490101 1.379616
v 2.180852 1.489221 1.380307
v 2.183021 1.489594 1.380325
v 2.184481 1.490308 1.380289
v 2.184044 1.490628 1.380659
v 2.185960 1.492973 1.380307
v 2.184762 1.492973 1.380893
v 2.185960 1.491419 1.379616
v 2.185452 1.491380 1.380325
v 2.184481 1.491461 1.380801
v 2.180852 1.491419 1.381285
v 2.180852 1.490101 1.380893
v 2.182968 1.492973 1.381285
v 2.183021 1.491380 1.381119
v 2.182911 1.490308 1.380801
v 2.180852 1.539028 1.379616
v 2.180852 1.534967 1.381422
v 2.186381 1.534967 1.379616
v 2.180852 1.538719 1.380307
v 2.180852 1.537839 1.380893
v 2.182968 1.538719 1.379616
v 2.183021 1.538346 1.380325
v 2.182911 1.537632 1.380801
v 2.184044 1.537312 1.380659
v 2.182968 1.534967 1.381285
v 2.184762 1.534967 1.380893
v 2.180852 1.536521 1.381285
v 2.183021 1.536560 1.381119
v 2.184481 1.536479 1.380801
v 2.185960 1.536521 1.379616
v 2.184762 1.537839 1.379616
v 2.185960 1.534967 1.380307
v 2.185452 1.536560 1.380325
v 2.184481 1.537632 1.380289
v 2.180852 1.488912 1.360940
v 2.180852 1.492973 1.359133
v 2.186381 1.492973 1.360940
v 2.180852 1.489221 1.360248
v 2.180852 1.490101 1.359662
v 2.182968 1.489221 1.360940
v 2.183021 1.489594 1.360231
v 2.182911 1.490308 1.359754
v 2.184044 1.490628 1.359897
v 2.182968 1.492973 1.359271
v 2.184762 1.492973 1.359662
v 2.180852 1.491419 1.359271
v 2.183021 1.491380 1.359437
v 2.184481 1.491461 1.359754
v 2.185960 1.491419 1.360940
v 2.184762 1.490101 1.360940
v 2.185960 1.492973 1.360248
v 2.185452 1.491380 1.360231
v 2.184481 1.490308 1.360267
v 2.180852 1.539028 1.360940
v 2.186381 1.534967 1.360940
v 2.180852 1.534967 1.359133
v 2.182968 1.538719 1.360940
v 2.184762 1.537839 1.360940
v 2.180852 1.538719 1.360248
v 2.183021 1.538346 1.360231
v 2.184481 1.537632 1.360267
v 2.184044 1.537312 1.359897
v 2.185960 1.534967 1.360248
v 2.184762 1.534967 1.359662
v 2.185960 1.536521 1.360940
v 2.185452 1.536560 1.360231
v 2.184481 1.536479 1.359754
v 2.180852 1.536521 1.359271
v 2.180852 1.537839 1.359662
v 2.182968 1.534967 1.359271
v 2.183021 1.536560 1.359437
v 2.182911 1.537632 1.359754
vn -0.1404 -0.8921 0.4296
vn -0.0898 -0.5481 0.8316
vn -0.4050 -0.8173 0.4099
vn -0.2646 -0.5235 0.8099
vn -0.0695 -0.0945 0.9931
vn -0.2142 -0.0965 0.9720
vn -0.0696 -0.2867 0.9555
vn -0.2101 -0.2860 0.9349
vn -0.8126 -0.2369 0.5325
vn -0.6581 -0.6044 0.4490
vn -0.4321 -0.1312 0.8923
vn -0.3980 -0.3728 0.8383
vn -0.0695 0.0945 0.9931
vn -0.0696 0.2867 0.9555
vn -0.2142 0.0965 0.9720
vn -0.2101 0.2860 0.9349
vn -0.1403 0.8921 0.4296
vn -0.4050 0.8173 0.4098
vn -0.0898 0.5481 0.8316
vn -0.2646 0.5235 0.8099
vn -0.8127 0.2368 0.5324
vn -0.4321 0.1312 0.8922
vn -0.6580 0.6045 0.4490
vn -0.3979 0.3728 0.8383
vn -0.1403 -0.8921 -0.4296
vn -0.4050 -0.8173 -0.4099
vn -0.0898 -0.5482 -0.8315
vn -0.2646 -0.5234 -0.8100
vn -0.8126 -0.2368 -0.5325
vn -0.4320 -0.1312 -0.8923
vn -0.6581 -0.6044 -0.4490
vn -0.3980 -0.3728 -0.8382
vn -0.0695 -0.0945 -0.9931
vn -0.0696 -0.2867 -0.9555
vn -0.2143 -0.0965 -0.9720
vn -0.2101 -0.2861 -0.9349
vn -0.1403 0.8921 -0.4296
vn -0.0898 0.5482 -0.8315
vn -0.4050 0.8173 -0.4099
vn -0.2646 0.5234 -0.8099
vn -0.0695 0.0945 -0.9931
vn -0.2143 0.0964 -0.9720
vn -0.0696 0.2867 -0.9555
vn -0.2101 0.2861 -0.9349
vn -0.8126 0.2368 -0.5325
vn -0.6581 0.6044 -0.4491
vn -0.4320 0.1313 -0.8923
vn -0.3980 0.3728 -0.8382
vn 0.1403 -0.8921 0.4295
vn 0.4049 -0.8173 0.4099
vn 0.0898 -0.5481 0.8316
vn 0.2647 -0.5235 0.8099
vn 0.8126 -0.2368 0.5326
vn 0.4321 -0.1312 0.8922
vn 0.6581 -0.6044 0.4490
vn 0.3979 -0.3727 0.8383
vn 0.0695 -0.0945 0.9931
vn 0.0697 -0.2868 0.9555
vn 0.2142 -0.0965 0.9720
vn 0.2101 -0.2859 0.9349
vn 0.1404 0.8921 0.4295
vn 0.0898 0.5481 0.8316
vn 0.4049 0.8173 0.4100
vn 0.2646 0.5236 0.8098
vn 0.0695 0.0945 0.9931
vn 0.2142 0.0965 0.9720
vn 0.0696 0.2868 0.9555
vn 0.2101 0.2858 0.9350
vn 0.8126 0.2368 0.5326
vn 0.6580 0.6045 0.4490
vn 0.4321 0.1312 0.8922
vn 0.3979 0.3727 0.8383
vn 0.1404 -0.8921 -0.4295
vn 0.0898 -0.5482 -0.8315
vn 0.4050 -0.8172 -0.4100
vn 0.2646 -0.5237 -0.8098
vn 0.0695 -0.0945 -0.9931
vn 0.2142 -0.0965 -0.9720
vn 0.0696 -0.2867 -0.9555
vn 0.2102 -0.2859 -0.9349
vn 0.8126 -0.2368 -0.5326
vn 0.6581 -0.6044 -0.4491
vn 0.4321 -0.1313 -0.8922
vn 0.3980 -0.3727 -0.8383
vn 0.1403 0.8921 -0.4295
vn 0.4050 0.8173 -0.4100
vn 0.0898 0.5481 -0.8316
vn 0.2646 0.5236 -0.8098
vn 0.8126 0.2368 -0.5326
vn 0.4320 0.1313 -0.8922
vn 0.6581 0.6044 -0.4490
vn 0.3980 0.3727 -0.8383
vn 0.0695 0.0945 -0.9931
vn 0.0696 0.2867 -0.9555
vn 0.2142 0.0965 -0.9720
vn 0.2102 0.2860 -0.9349
vn -0.1446 -0.9895 -0.0000
vn -0.4406 -0.8977 -0.0000
vn -0.7397 -0.6729 -0.0000
vn -0.9653 -0.2613 -0.0000
vn -0.0648 -0.0000 0.9979
vn -0.2133 -0.0000 0.9770
vn -0.4392 -0.0000 0.8984
vn -0.8541 -0.0000 0.5201
vn -0.1445 0.9895 -0.0000
vn -0.4406 0.8977 -0.0000
vn -0.7397 0.6729 -0.0000
vn -0.9652 0.2613 -0.0000
vn -0.0648 -0.0000 -0.9979
vn -0.2133 -0.0000 -0.9770
vn -0.4392 -0.0000 -0.8984
vn -0.8541 -0.0000 -0.5201
vn -0.0000 -0.9129 -0.4083
vn -0.0000 -0.5541 -0.8325
vn -0.0000 -0.2848 -0.9586
vn -0.0000 -0.0881 -0.9961
vn -0.0000 0.9129 -0.4083
vn -0.0000 0.5541 -0.8325
vn -0.0000 0.2848 -0.9586
vn -0.0000 0.0881 -0.9961
vn 0.8542 -0.0000 -0.5199
vn 0.4392 -0.0000 -0.8984
vn 0.2133 -0.0000 -0.9770
vn 0.0648 -0.0000 -0.9979
vn 0.1446 -0.9895 -0.0000
vn 0.4406 -0.8977 -0.0000
vn 0.7397 -0.6729 -0.0000
vn 0.9653 -0.2613 -0.0000
vn 0.1445 0.9895 -0.0000
vn 0.4406 0.8977 -0.0000
vn 0.7397 0.6729 -0.0000
vn 0.9652 0.2613 -0.0000
vn 0.0648 -0.0000 0.9979
vn 0.2133 -0.0000 0.9770
vn 0.4392 -0.0000 0.8984
vn 0.8542 -0.0000 0.5199
vn -0.0000 -0.9129 0.4083
vn -0.0000 -0.5542 0.8324
vn -0.0000 -0.2848 0.9586
vn -0.0000 -0.0880 0.9961
vn -0.0000 0.9129 0.4083
vn -0.0000 0.5542 0.8324
vn -0.0000 0.2848 0.9586
vn -0.0000 0.0880 0.9961
vn -0.0000 -1.0000 -0.0000
vn -1.0000 -0.0000 -0.0000
vn -0.0000 -0.0000 1.0000
vn -0.0000 1.0000 -0.0000
vn -0.0000 -0.0000 -1.0000
vn 1.0000 -0.0000 -0.0000
vt 0.145259 0.729741
vt 0.145259 0.737494
vt 0.137312 0.737688
vt 0.137506 0.729741
vt 0.145259 0.750000
vt 0.137715 0.750000
vt 0.125000 0.737285
vt 0.125000 0.729741
vt 0.133562 0.750000
vt 0.395259 0.979741
vt 0.395259 0.987494
vt 0.387312 0.987688
vt 0.387506 0.979741
vt 0.395259 1.000000
vt 0.387715 1.000000
vt 0.375000 0.987285
vt 0.375000 0.979741
vt 0.383562 1.000000
vt 0.395259 0.020259
vt 0.387506 0.020259
vt 0.387312 0.012312
vt 0.395259 0.012506
vt 0.375000 0.020259
vt 0.375000 0.012715
vt 0.387715 0.000000
vt 0.395259 0.000000
vt 0.375000 0.008562
vt 0.604741 0.979741
vt 0.612494 0.979741
vt 0.612688 0.987688
vt 0.604741 0.987494
vt 0.625000 0.979741
vt 0.625000 0.987285
vt 0.612285 1.000000
vt 0.604741 1.000000
vt 0.625000 0.991438
vt 0.854741 0.729741
vt 0.862494 0.729741
vt 0.862688 0.737688
vt 0.854741 0.737494
vt 0.875000 0.729741
vt 0.875000 0.737285
vt 0.862285 0.750000
vt 0.854741 0.750000
vt 0.875000 0.741438
vt 0.604741 0.020259
vt 0.604741 0.012506
vt 0.612688 0.012312
vt 0.612494 0.020259
vt 0.604741 0.000000
vt 0.612285 0.000000
vt 0.625000 0.012715
vt 0.625000 0.020259
vt 0.616438 0.000000
vt 0.145259 0.520259
vt 0.137506 0.520259
vt 0.137312 0.512312
vt 0.145259 0.512506
vt 0.125000 0.520259
vt 0.125000 0.512715
vt 0.137715 0.500000
vt 0.145259 0.500000
vt 0.125000 0.508562
vt 0.395259 0.229741
vt 0.395259 0.237494
vt 0.387312 0.237688
vt 0.387506 0.229741
vt 0.395259 0.250000
vt 0.387715 0.250000
vt 0.375000 0.237285
vt 0.375000 0.229741
vt 0.379281 0.254281
vt 0.395259 0.270259
vt 0.387506 0.270259
vt 0.387312 0.262312
vt 0.395259 0.262506
vt 0.375000 0.270259
vt 0.375000 0.262715
vt 0.854741 0.520259
vt 0.854741 0.512506
vt 0.862688 0.512312
vt 0.862494 0.520259
vt 0.854741 0.500000
vt 0.862285 0.500000
vt 0.875000 0.512715
vt 0.875000 0.520259
vt 0.866438 0.500000
vt 0.604741 0.270259
vt 0.604741 0.262506
vt 0.612688 0.262312
vt 0.612494 0.270259
vt 0.604741 0.250000
vt 0.612285 0.250000
vt 0.625000 0.262715
vt 0.625000 0.270259
vt 0.620719 0.245719
vt 0.604741 0.229741
vt 0.612494 0.229741
vt 0.612688 0.237688
vt 0.604741 0.237494
vt 0.625000 0.229741
vt 0.625000 0.237285
vt 0.354741 0.729741
vt 0.362494 0.729741
vt 0.362688 0.737688
vt 0.354741 0.737494
vt 0.375000 0.729741
vt 0.375000 0.737285
vt 0.368642 0.756358
vt 0.364871 0.760129
vt 0.377854 0.750000
vt 0.395259 0.729741
vt 0.395259 0.737494
vt 0.387312 0.737688
vt 0.387506 0.729741
vt 0.395259 0.750000
vt 0.387715 0.750000
vt 0.395259 0.770259
vt 0.387506 0.770259
vt 0.387312 0.762312
vt 0.395259 0.762506
vt 0.645259 0.729741
vt 0.645259 0.737494
vt 0.637312 0.737688
vt 0.637506 0.729741
vt 0.635129 0.760129
vt 0.631357 0.756358
vt 0.625000 0.737285
vt 0.625000 0.729741
vt 0.625000 0.747146
vt 0.604741 0.770259
vt 0.604741 0.762506
vt 0.612688 0.762312
vt 0.612494 0.770259
vt 0.604741 0.750000
vt 0.612285 0.750000
vt 0.604741 0.729741
vt 0.612494 0.729741
vt 0.612688 0.737688
vt 0.604741 0.737494
vt 0.354741 0.520259
vt 0.354741 0.512506
vt 0.362688 0.512312
vt 0.362494 0.520259
vt 0.364871 0.489871
vt 0.368642 0.493642
vt 0.375000 0.512715
vt 0.375000 0.520259
vt 0.375000 0.502854
vt 0.395259 0.479741
vt 0.395259 0.487494
vt 0.387312 0.487688
vt 0.387506 0.479741
vt 0.395259 0.500000
vt 0.387715 0.500000
vt 0.395259 0.520259
vt 0.387506 0.520259
vt 0.387312 0.512312
vt 0.395259 0.512506
vt 0.645259 0.520259
vt 0.637506 0.520259
vt 0.637312 0.512312
vt 0.645259 0.512506
vt 0.625000 0.520259
vt 0.625000 0.512715
vt 0.631358 0.493642
vt 0.635129 0.489871
vt 0.622146 0.500000
vt 0.604741 0.520259
vt 0.604741 0.512506
vt 0.612688 0.512312
vt 0.612494 0.520259
vt 0.604741 0.500000
vt 0.612285 0.500000
vt 0.604741 0.479741
vt 0.612494 0.479741
vt 0.612688 0.487688
vt 0.604741 0.487494
s 0
f 581/588/406 584/589/406 587/590/406 586/591/406
f 584/589/407 585/592/407 588/593/407 587/590/407
f 586/591/408 587/590/408 599/594/408 596/595/408
f 587/590/409 588/593/409 589/596/409 599/594/409
f 582/597/410 590/598/410 593/599/410 592/600/410
f 590/598/411 591/601/411 594/602/411 593/599/411
f 592/600/412 593/599/412 588/603/412 585/604/412
f 593/599/413 594/602/413 589/605/413 588/603/413
f 583/606/414 595/607/414 598/608/414 597/609/414
f 595/607/415 596/610/415 599/611/415 598/608/415
f 597/609/416 598/608/416 594/612/416 591/613/416
f 598/608/417 599/611/417 589/614/417 594/612/417
f 600/615/418 603/616/418 606/617/418 605/618/418
f 603/616/419 604/619/419 607/620/419 606/617/419
f 605/618/420 606/617/420 618/621/420 615/622/420
f 606/617/421 607/620/421 608/623/421 618/621/421
f 601/624/422 609/625/422 612/626/422 611/627/422
f 609/625/423 610/628/423 613/629/423 612/626/423
f 611/627/424 612/626/424 607/630/424 604/631/424
f 612/626/425 613/629/425 608/632/425 607/630/425
f 602/633/426 614/634/426 617/635/426 616/636/426
f 614/634/427 615/637/427 618/638/427 617/635/427
f 616/636/428 617/635/428 613/639/428 610/640/428
f 617/635/429 618/638/429 608/641/429 613/639/429
f 619/642/430 622/643/430 625/644/430 624/645/430
f 622/643/431 623/646/431 626/647/431 625/644/431
f 624/645/432 625/644/432 637/648/432 634/649/432
f 625/644/433 626/647/433 627/650/433 637/648/433
f 620/651/434 628/652/434 631/653/434 630/654/434
f 628/652/435 629/655/435 632/656/435 631/653/435
f 630/654/436 631/653/436 626/657/436 623/658/436
f 631/653/437 632/656/437 627/659/437 626/657/437
f 621/660/438 633/661/438 636/662/438 635/663/438
f 633/661/439 634/664/439 637/665/439 636/662/439
f 635/663/440 636/662/440 632/656/440 629/655/440
f 636/662/441 637/665/441 627/659/441 632/656/441
f 638/666/442 641/667/442 644/668/442 643/669/442
f 641/667/443 642/670/443 645/671/443 644/668/443
f 643/669/444 644/668/444 656/672/444 653/673/444
f 644/668/445 645/671/445 646/674/445 656/672/445
f 639/675/446 647/676/446 650/677/446 649/678/446
f 647/676/447 648/679/447 651/680/447 650/677/447
f 649/678/448 650/677/448 645/681/448 642/682/448
f 650/677/449 651/680/449 646/683/449 645/681/449
f 640/684/450 652/685/450 655/686/450 654/687/450
f 652/685/451 653/688/451 656/689/451 655/686/451
f 654/687/452 655/686/452 651/680/452 648/679/452
f 655/686/453 656/689/453 646/683/453 651/680/453
f 657/690/454 660/691/454 663/692/454 662/693/454
f 660/691/455 661/694/455 664/695/455 663/692/455
f 662/693/456 663/692/456 675/696/456 672/697/456
f 663/692/457 664/695/457 665/698/457 675/696/457
f 658/699/458 666/700/458 669/701/458 668/702/458
f 666/700/459 667/703/459 670/704/459 669/701/459
f 668/702/460 669/701/460 664/695/460 661/694/460
f 669/701/461 670/704/461 665/698/461 664/695/461
f 659/705/462 671/706/462 674/707/462 673/708/462
f 671/706/463 672/697/463 675/696/463 674/707/463
f 673/708/464 674/707/464 670/704/464 667/703/464
f 674/707/465 675/696/465 665/698/465 670/704/465
f 676/709/466 679/710/466 682/711/466 681/712/466
f 679/710/467 680/713/467 683/714/467 682/711/467
f 681/712/468 682/711/468 694/715/468 691/716/468
f 682/711/469 683/714/469 684/717/469 694/715/469
f 677/718/470 685/719/470 688/720/470 687/721/470
f 685/719/471 686/722/471 689/723/471 688/720/471
f 687/721/472 688/720/472 683/714/472 680/713/472
f 688/720/473 689/723/473 684/717/473 683/714/473
f 678/724/474 690/725/474 693/726/474 692/727/474
f 690/725/475 691/716/475 694/715/475 693/726/475
f 692/727/476 693/726/476 689/723/476 686/722/476
f 693/726/477 694/715/477 684/717/477 689/723/477
f 695/728/478 698/729/478 701/730/478 700/731/478
f 698/729/479 699/732/479 702/733/479 701/730/479
f 700/731/480 701/730/480 713/734/480 710/735/480
f 701/730/481 702/733/481 703/736/481 713/734/481
f 696/737/482 704/738/482 707/739/482 706/740/482
f 704/738/483 705/741/483 708/742/483 707/739/483
f 706/740/484 707/739/484 702/733/484 699/732/484
f 707/739/485 708/742/485 703/736/485 702/733/485
f 697/743/486 709/744/486 712/745/486 711/746/486
f 709/744/487 710/735/487 713/734/487 712/745/487
f 711/746/488 712/745/488 708/742/488 705/741/488
f 712/745/489 713/734/489 703/736/489 708/742/489
f 714/747/490 717/748/490 720/749/490 719/750/490
f 717/748/491 718/751/491 721/752/491 720/749/491
f 719/750/492 720/749/492 732/753/492 729/754/492
f 720/749/493 721/752/493 722/755/493 732/753/493
f 715/756/494 723/757/494 726/758/494 725/759/494
f 723/757/495 724/760/495 727/761/495 726/758/495
f 725/759/496 726/758/496 721/752/496 718/751/496
f 726/758/497 727/761/497 722/755/497 721/752/497
f 716/762/498 728/763/498 731/764/498 730/765/498
f 728/763/499 729/754/499 732/753/499 731/764/499
f 730/765/500 731/764/500 727/761/500 724/760/500
f 731/764/501 732/753/501 722/755/501 727/761/501
f 619/642/502 581/588/502 586/591/502 622/643/502
f 622/643/503 586/591/503 596/595/503 623/646/503
f 623/658/504 596/610/504 595/607/504 630/654/504
f 630/654/505 595/607/505 583/606/505 620/651/505
f 582/597/506 600/615/506 605/618/506 590/598/506
f 590/598/507 605/618/507 615/622/507 591/601/507
f 591/613/508 615/637/508 614/634/508 597/609/508
f 597/609/509 614/634/509 602/633/509 583/606/509
f 601/624/510 638/666/510 643/669/510 609/625/510
f 609/625/511 643/669/511 653/673/511 610/628/511
f 610/640/512 653/688/512 652/685/512 616/636/512
f 616/636/513 652/685/513 640/684/513 602/633/513
f 639/675/514 621/660/514 635/663/514 647/676/514
f 647/676/515 635/663/515 629/655/515 648/679/515
f 648/679/516 629/655/516 628/652/516 654/687/516
f 654/687/517 628/652/517 620/651/517 640/684/517
f 695/728/518 619/642/518 624/645/518 698/729/518
f 698/729/519 624/645/519 634/649/519 699/732/519
f 699/732/520 634/664/520 633/661/520 706/740/520
f 706/740/521 633/661/521 621/660/521 696/737/521
f 638/666/522 714/747/522 719/750/522 641/667/522
f 641/667/523 719/750/523 729/754/523 642/670/523
f 642/682/524 729/754/524 728/763/524 649/678/524
f 649/678/525 728/763/525 716/762/525 639/675/525
f 715/756/526 697/743/526 711/746/526 723/757/526
f 723/757/527 711/746/527 705/741/527 724/760/527
f 724/760/528 705/741/528 704/738/528 730/765/528
f 730/765/529 704/738/529 696/737/529 716/762/529
f 657/690/530 695/728/530 700/731/530 660/691/530
f 660/691/531 700/731/531 710/735/531 661/694/531
f 661/694/532 710/735/532 709/744/532 668/702/532
f 668/702/533 709/744/533 697/743/533 658/699/533
f 714/747/534 676/709/534 681/712/534 717/748/534
f 717/748/535 681/712/535 691/716/535 718/751/535
f 718/751/536 691/716/536 690/725/536 725/759/536
f 725/759/537 690/725/537 678/724/537 715/756/537
f 677/718/538 659/705/538 673/708/538 685/719/538
f 685/719/539 673/708/539 667/703/539 686/722/539
f 686/722/540 667/703/540 666/700/540 692/727/540
f 692/727/541 666/700/541 658/699/541 678/724/541
f 581/588/542 657/690/542 662/693/542 584/589/542
f 584/589/543 662/693/543 672/697/543 585/592/543
f 585/604/544 672/697/544 671/706/544 592/600/544
f 592/600/545 671/706/545 659/705/545 582/597/545
f 676/709/546 601/624/546 611/627/546 679/710/546
f 679/710/547 611/627/547 604/631/547 680/713/547
f 680/713/548 604/619/548 603/616/548 687/721/548
f 687/721/549 603/616/549 600/615/549 677/718/549
f 619/642/550 695/728/550 657/690/550 581/588/550
f 583/606/551 602/633/551 640/684/551 620/651/551
f 659/705/552 677/718/552 600/615/552 582/597/552
f 714/747/553 638/666/553 601/624/553 676/709/553
f 621/660/554 639/675/554 716/762/554 696/737/554
f 697/743/555 715/756/555 678/724/555 658/699/555
o Cylinder.002
v 0.000000 2.925759 -0.683371
v 0.133319 2.925759 -0.670241
v 0.261515 2.925759 -0.631353
v 0.379661 2.925759 -0.568202
v 0.483216 2.925759 -0.483216
v 0.568202 2.925759 -0.379661
v 0.631353 2.925759 -0.261515
v 0.670241 2.925759 -0.133319
v 0.683371 2.925759 0.000000
v 0.670241 2.925759 0.133319
v 0.631353 2.925759 0.261515
v 0.568202 2.925759 0.379661
v 0.483216 2.925759 0.483216
v 0.379661 2.925759 0.568202
v 0.261515 2.925759 0.631353
v 0.133319 2.925759 0.670241
v 0.000000 2.925759 0.683371
v -0.133319 2.925759 0.670241
v -0.261515 2.925759 0.631353
v -0.379661 2.925759 0.568202
v -0.483216 2.925759 0.483216
v -0.568202 2.925759 0.379661
v -0.631353 2.925759 0.261515
v -0.670241 2.925759 0.133319
v -0.683371 2.925759 0.000000
v -0.670241 2.925759 -0.133319
v -0.631353 2.925759 -0.261515
v -0.568202 2.925759 -0.379661
v -0.483216 2.925759 -0.483216
v -0.379661 2.925759 -0.568202
v -0.261515 2.925759 -0.631353
v -0.133319 2.925759 -0.670241
v 0.000000 3.047786 -0.337843
v 0.000000 2.971569 -0.683371
v 0.000000 3.028158 -0.470071
v 0.000000 2.997389 -0.582168
v 0.000000 2.979491 -0.657069
v 0.065910 3.047786 -0.331351
v 0.133319 2.971569 -0.670241
v 0.091706 3.028158 -0.461039
v 0.113575 2.997389 -0.570982
v 0.128188 2.979491 -0.644444
v 0.129287 3.047786 -0.312126
v 0.261515 2.971569 -0.631353
v 0.179888 3.028158 -0.434289
v 0.222786 2.997389 -0.537853
v 0.251450 2.979491 -0.607053
v 0.187696 3.047786 -0.280906
v 0.379661 2.971569 -0.568202
v 0.261158 3.028158 -0.390850
v 0.323435 2.997389 -0.484055
v 0.365048 2.979491 -0.546333
v 0.238891 3.047786 -0.238891
v 0.483216 2.971569 -0.483216
v 0.332390 3.028158 -0.332390
v 0.411655 2.997389 -0.411655
v 0.464618 2.979491 -0.464618
v 0.280906 3.047786 -0.187696
v 0.568202 2.971569 -0.379661
v 0.390850 3.028158 -0.261158
v 0.484055 2.997389 -0.323435
v 0.546333 2.979491 -0.365048
v 0.312126 3.047786 -0.129287
v 0.631353 2.971569 -0.261515
v 0.434289 3.028158 -0.179888
v 0.537853 2.997389 -0.222786
v 0.607053 2.979491 -0.251450
v 0.331351 3.047786 -0.065910
v 0.670241 2.971569 -0.133319
v 0.461039 3.028158 -0.091706
v 0.570982 2.997389 -0.113575
v 0.644444 2.979491 -0.128188
v 0.337843 3.047786 0.000000
v 0.683371 2.971569 0.000000
v 0.470071 3.028158 0.000000
v 0.582168 2.997389 0.000000
v 0.657069 2.979491 0.000000
v 0.331351 3.047786 0.065910
v 0.670241 2.971569 0.133319
v 0.461039 3.028158 0.091706
v 0.570982 2.997389 0.113575
v 0.644444 2.979491 0.128188
v 0.312126 3.047786 0.129287
v 0.631353 2.971569 0.261515
v 0.434289 3.028158 0.179888
v 0.537853 2.997389 0.222786
v 0.607053 2.979491 0.251450
v 0.280906 3.047786 0.187696
v 0.568202 2.971569 0.379661
v 0.390850 3.028158 0.261158
v 0.484055 2.997389 0.323435
v 0.546333 2.979491 0.365048
v 0.238891 3.047786 0.238891
v 0.483216 2.971569 0.483216
v 0.332390 3.028158 0.332390
v 0.411655 2.997389 0.411655
v 0.464618 2.979491 0.464618
v 0.187696 3.047786 0.280906
v 0.379661 2.971569 0.568202
v 0.261158 3.028158 0.390850
v 0.323435 2.997389 0.484055
v 0.365048 2.979491 0.546333
v 0.129287 3.047786 0.312126
v 0.261515 2.971569 0.631353
v 0.179888 3.028158 0.434289
v 0.222786 2.997389 0.537853
v 0.251450 2.979491 0.607053
v 0.065910 3.047786 0.331351
v 0.133319 2.971569 0.670241
v 0.091706 3.028158 0.461039
v 0.113575 2.997389 0.570982
v 0.128188 2.979491 0.644444
v 0.000000 3.047786 0.337843
v 0.000000 2.971569 0.683371
v 0.000000 3.028158 0.470071
v 0.000000 2.997389 0.582168
v 0.000000 2.979491 0.657069
v -0.065910 3.047786 0.331351
v -0.133319 2.971569 0.670241
v -0.091706 3.028158 0.461039
v -0.113575 2.997389 0.570982
v -0.128188 2.979491 0.644444
v -0.129287 3.047786 0.312126
v -0.261515 2.971569 0.631353
v -0.179888 3.028158 0.434289
v -0.222786 2.997389 0.537853
v -0.251450 2.979491 0.607053
v -0.187696 3.047786 0.280906
v -0.379661 2.971569 0.568202
v -0.261158 3.028158 0.390850
v -0.323435 2.997389 0.484055
v -0.365048 2.979491 0.546333
v -0.238891 3.047786 0.238891
v -0.483216 2.971569 0.483216
v -0.332390 3.028158 0.332390
v -0.411655 2.997389 0.411655
v -0.464618 2.979491 0.464618
v -0.280906 3.047786 0.187696
v -0.568202 2.971569 0.379661
v -0.390850 3.028158 0.261158
v -0.484055 2.997389 0.323435
v -0.546333 2.979491 0.365048
v -0.312126 3.047786 0.129287
v -0.631353 2.971569 0.261515
v -0.434289 3.028158 0.179888
v -0.537853 2.997389 0.222786
v -0.607053 2.979491 0.251450
v -0.331351 3.047786 0.065910
v -0.670241 2.971569 0.133319
v -0.461039 3.028158 0.091706
v -0.570982 2.997389 0.113575
v -0.644444 2.979491 0.128188
v -0.337843 3.047786 0.000000
v -0.683371 2.971569 0.000000
v -0.470071 3.028158 0.000000
v -0.582168 2.997389 0.000000
v -0.657069 2.979491 0.000000
v -0.331351 3.047786 -0.065910
v -0.670241 2.971569 -0.133319
v -0.461039 3.028158 -0.091706
v -0.570982 2.997389 -0.113575
v -0.644444 2.979491 -0.128188
v -0.312126 3.047786 -0.129287
v -0.631353 2.971569 -0.261515
v -0.434289 3.028158 -0.179888
v -0.537853 2.997389 -0.222786
v -0.607053 2.979491 -0.251450
v -0.280906 3.047786 -0.187696
v -0.568202 2.971569 -0.379661
v -0.390850 3.028158 -0.261158
v -0.484055 2.997389 -0.323435
v -0.546333 2.979491 -0.365048
v -0.238891 3.047786 -0.238891
v -0.483216 2.971569 -0.483216
v -0.332390 3.028158 -0.332390
v -0.411655 2.997389 -0.411655
v -0.464618 2.979491 -0.464618
v -0.187696 3.047786 -0.280906
v -0.379661 2.971569 -0.568202
v -0.261158 3.028158 -0.390850
v -0.323435 2.997389 -0.484055
v -0.365048 2.979491 -0.546333
v -0.129287 3.047786 -0.312126
v -0.261515 2.971569 -0.631353
v -0.179888 3.028158 -0.434289
v -0.222786 2.997389 -0.537853
v -0.251450 2.979491 -0.607053
v -0.065910 3.047786 -0.331351
v -0.133319 2.971569 -0.670241
v -0.091706 3.028158 -0.461039
v -0.113575 2.997389 -0.570982
v -0.128188 2.979491 -0.644444
vn -0.0000 -1.0000 -0.0000
vn 0.0563 0.9575 -0.2829
vn -0.0000 0.9575 -0.2884
vn -0.0000 0.9650 -0.2622
vn 0.0512 0.9650 -0.2572
vn -0.0000 0.9689 -0.2476
vn 0.0483 0.9689 -0.2429
vn -0.0000 0.9778 -0.2097
vn 0.0409 0.9778 -0.2057
vn -0.0000 0.9969 -0.0782
vn 0.0153 0.9969 -0.0767
vn 0.1104 0.9575 -0.2665
vn 0.1003 0.9650 -0.2422
vn 0.0948 0.9689 -0.2288
vn 0.0803 0.9778 -0.1938
vn 0.0299 0.9969 -0.0722
vn 0.1602 0.9575 -0.2398
vn 0.1457 0.9650 -0.2180
vn 0.1376 0.9689 -0.2059
vn 0.1165 0.9778 -0.1744
vn 0.0434 0.9969 -0.0650
vn 0.2039 0.9575 -0.2039
vn 0.1854 0.9650 -0.1854
vn 0.1751 0.9689 -0.1751
vn 0.1483 0.9778 -0.1483
vn 0.0553 0.9969 -0.0553
vn 0.2398 0.9575 -0.1602
vn 0.2180 0.9650 -0.1457
vn 0.2059 0.9689 -0.1376
vn 0.1744 0.9778 -0.1165
vn 0.0650 0.9969 -0.0434
vn 0.2664 0.9575 -0.1104
vn 0.2422 0.9650 -0.1003
vn 0.2288 0.9689 -0.0948
vn 0.1938 0.9778 -0.0803
vn 0.0722 0.9969 -0.0299
vn 0.2829 0.9575 -0.0563
vn 0.2572 0.9650 -0.0512
vn 0.2429 0.9689 -0.0483
vn 0.2057 0.9778 -0.0409
vn 0.0767 0.9969 -0.0153
vn 0.2884 0.9575 -0.0000
vn 0.2622 0.9650 -0.0000
vn 0.2476 0.9689 -0.0000
vn 0.2097 0.9778 -0.0000
vn 0.0782 0.9969 -0.0000
vn 0.2829 0.9575 0.0563
vn 0.2572 0.9650 0.0512
vn 0.2429 0.9689 0.0483
vn 0.2057 0.9778 0.0409
vn 0.0767 0.9969 0.0153
vn 0.2664 0.9575 0.1104
vn 0.2422 0.9650 0.1003
vn 0.2288 0.9689 0.0948
vn 0.1938 0.9778 0.0803
vn 0.0722 0.9969 0.0299
vn 0.2398 0.9575 0.1602
vn 0.2180 0.9650 0.1457
vn 0.2059 0.9689 0.1376
vn 0.1744 0.9778 0.1165
vn 0.0650 0.9969 0.0434
vn 0.2039 0.9575 0.2039
vn 0.1854 0.9650 0.1854
vn 0.1751 0.9689 0.1751
vn 0.1483 0.9778 0.1483
vn 0.0553 0.9969 0.0553
vn 0.1602 0.9575 0.2398
vn 0.1457 0.9650 0.2180
vn 0.1376 0.9689 0.2059
vn 0.1165 0.9778 0.1744
vn 0.0434 0.9969 0.0650
vn 0.1104 0.9575 0.2665
vn 0.1003 0.9650 0.2422
vn 0.0948 0.9689 0.2288
vn 0.0803 0.9778 0.1938
vn 0.0299 0.9969 0.0722
vn 0.0563 0.9575 0.2829
vn 0.0512 0.9650 0.2572
vn 0.0483 0.9689 0.2429
vn 0.0409 0.9778 0.2057
vn 0.0153 0.9969 0.0767
vn -0.0000 0.9575 0.2884
vn -0.0000 0.9650 0.2622
vn -0.0000 0.9689 0.2476
vn -0.0000 0.9778 0.2097
vn -0.0000 0.9969 0.0782
vn -0.0563 0.9575 0.2829
vn -0.0512 0.9650 0.2572
vn -0.0483 0.9689 0.2429
vn -0.0409 0.9778 0.2057
vn -0.0153 0.9969 0.0767
vn -0.1104 0.9575 0.2665
vn -0.1003 0.9650 0.2422
vn -0.0948 0.9689 0.2288
vn -0.0803 0.9778 0.1938
vn -0.0299 0.9969 0.0722
vn -0.1602 0.9575 0.2398
vn -0.1457 0.9650 0.2180
vn -0.1376 0.9689 0.2059
vn -0.1165 0.9778 0.1744
vn -0.0434 0.9969 0.0650
vn -0.2039 0.9575 0.2039
vn -0.1854 0.9650 0.1854
vn -0.1751 0.9689 0.1751
vn -0.1483 0.9778 0.1483
vn -0.0553 0.9969 0.0553
vn -0.2398 0.9575 0.1602
vn -0.2180 0.9650 0.1457
vn -0.2059 0.9689 0.1376
vn -0.1744 0.9778 0.1165
vn -0.0650 0.9969 0.0434
vn -0.2664 0.9575 0.1104
vn -0.2422 0.9650 0.1003
vn -0.2288 0.9689 0.0948
vn -0.1938 0.9778 0.0803
vn -0.0722 0.9969 0.0299
vn -0.2829 0.9575 0.0563
vn -0.2572 0.9650 0.0512
vn -0.2429 0.9689 0.0483
vn -0.2057 0.9778 0.0409
vn -0.0767 0.9969 0.0153
vn -0.2884 0.9575 -0.0000
vn -0.2622 0.9650 -0.0000
vn -0.2476 0.9689 -0.0000
vn -0.2097 0.9778 -0.0000
vn -0.0782 0.9969 -0.0000
vn -0.2829 0.9575 -0.0563
vn -0.2572 0.9650 -0.0512
vn -0.2429 0.9689 -0.0483
vn -0.2057 0.9778 -0.0409
vn -0.0767 0.9969 -0.0153
vn -0.2664 0.9575 -0.1104
vn -0.2422 0.9650 -0.1003
vn -0.2288 0.9689 -0.0948
vn -0.1938 0.9778 -0.0803
vn -0.0722 0.9969 -0.0299
vn -0.2398 0.9575 -0.1602
vn -0.2180 0.9650 -0.1457
vn -0.2059 0.9689 -0.1376
vn -0.1744 0.9778 -0.1165
vn -0.0650 0.9969 -0.0434
vn -0.2039 0.9575 -0.2039
vn -0.1854 0.9650 -0.1854
vn -0.1751 0.9689 -0.1751
vn -0.1483 0.9778 -0.1483
vn -0.0553 0.9969 -0.0553
vn -0.1602 0.9575 -0.2398
vn -0.1457 0.9650 -0.2180
vn -0.1376 0.9689 -0.2059
vn -0.1165 0.9778 -0.1744
vn -0.0434 0.9969 -0.0650
vn -0.1104 0.9575 -0.2665
vn -0.1003 0.9650 -0.2422
vn -0.0948 0.9689 -0.2288
vn -0.0803 0.9778 -0.1938
vn -0.0299 0.9969 -0.0722
vn -0.0563 0.9575 -0.2829
vn -0.0512 0.9650 -0.2572
vn -0.0483 0.9689 -0.2429
vn -0.0409 0.9778 -0.2057
vn -0.0153 0.9969 -0.0767
vn -0.0000 -0.0000 -1.0000
vn 0.1951 -0.0000 -0.9808
vn -0.1951 -0.0000 -0.9808
vn 0.3827 -0.0000 -0.9239
vn 0.5556 -0.0000 -0.8315
vn 0.7071 -0.0000 -0.7071
vn 0.8315 -0.0000 -0.5556
vn 0.9239 -0.0000 -0.3827
vn 0.9808 -0.0000 -0.1951
vn 1.0000 -0.0000 -0.0000
vn 0.9808 -0.0000 0.1951
vn 0.9239 -0.0000 0.3827
vn 0.8315 -0.0000 0.5556
vn 0.7071 -0.0000 0.7071
vn 0.5556 -0.0000 0.8315
vn 0.3827 -0.0000 0.9239
vn 0.1951 -0.0000 0.9808
vn -0.0000 -0.0000 1.0000
vn -0.1951 -0.0000 0.9808
vn -0.3827 -0.0000 0.9239
vn -0.5556 -0.0000 0.8315
vn -0.7071 -0.0000 0.7071
vn -0.8315 -0.0000 0.5556
vn -0.9239 -0.0000 0.3827
vn -0.9808 -0.0000 0.1951
vn -1.0000 -0.0000 -0.0000
vn -0.9808 -0.0000 -0.1951
vn -0.9239 -0.0000 -0.3827
vn -0.8315 -0.0000 -0.5556
vn -0.7071 -0.0000 -0.7071
vn -0.5556 -0.0000 -0.8315
vn -0.3827 -0.0000 -0.9239
vt 0.750000 0.490000
vt 0.796822 0.485388
vt 0.841844 0.471731
vt 0.883337 0.449553
vt 0.919706 0.419706
vt 0.949553 0.383337
vt 0.971731 0.341844
vt 0.985388 0.296822
vt 0.990000 0.250000
vt 0.985388 0.203178
vt 0.971731 0.158156
vt 0.949553 0.116663
vt 0.919706 0.080294
vt 0.883337 0.050447
vt 0.841844 0.028269
vt 0.796822 0.014612
vt 0.750000 0.010000
vt 0.703178 0.014612
vt 0.658156 0.028269
vt 0.616663 0.050447
vt 0.580294 0.080294
vt 0.550447 0.116663
vt 0.528269 0.158156
vt 0.514612 0.203178
vt 0.510000 0.250000
vt 0.514612 0.296822
vt 0.528269 0.341844
vt 0.550447 0.383337
vt 0.580294 0.419706
vt 0.616663 0.449553
vt 0.658156 0.471731
vt 0.703178 0.485388
vt 0.968750 0.874203
vt 1.000000 0.874203
vt 0.999399 0.922343
vt 0.968750 0.922343
vt 0.997686 1.000000
vt 0.968750 1.000000
vt 0.296755 0.485054
vt 0.250000 0.489659
vt 0.250000 0.415089
vt 0.282207 0.411917
vt 0.250000 0.368650
vt 0.273148 0.366371
vt 0.937500 0.874203
vt 0.937500 0.922343
vt 0.937500 1.000000
vt 0.341713 0.471416
vt 0.313177 0.402522
vt 0.295406 0.359619
vt 0.906250 0.874203
vt 0.906250 0.922343
vt 0.906250 1.000000
vt 0.383147 0.449269
vt 0.341718 0.387266
vt 0.315919 0.348654
vt 0.875000 0.874203
vt 0.875000 0.922343
vt 0.875000 1.000000
vt 0.419464 0.419464
vt 0.366735 0.366735
vt 0.333899 0.333899
vt 0.843750 0.874203
vt 0.843750 0.922343
vt 0.843750 1.000000
vt 0.449269 0.383147
vt 0.387266 0.341719
vt 0.348654 0.315919
vt 0.812500 0.874203
vt 0.812500 0.922343
vt 0.812500 1.000000
vt 0.471416 0.341713
vt 0.402522 0.313177
vt 0.359619 0.295406
vt 0.781250 0.874203
vt 0.781250 0.922343
vt 0.781250 1.000000
vt 0.485054 0.296755
vt 0.411917 0.282207
vt 0.366371 0.273148
vt 0.750000 0.874203
vt 0.750000 0.922343
vt 0.750000 1.000000
vt 0.489659 0.250000
vt 0.415089 0.250000
vt 0.368650 0.250000
vt 0.718750 0.874203
vt 0.718750 0.922343
vt 0.718750 1.000000
vt 0.485054 0.203245
vt 0.411917 0.217793
vt 0.366371 0.226852
vt 0.687500 0.874203
vt 0.687500 0.922343
vt 0.687500 1.000000
vt 0.471416 0.158287
vt 0.402522 0.186823
vt 0.359619 0.204594
vt 0.656250 0.874203
vt 0.656250 0.922343
vt 0.656250 1.000000
vt 0.449269 0.116853
vt 0.387266 0.158281
vt 0.348654 0.184081
vt 0.625000 0.874203
vt 0.625000 0.922343
vt 0.625000 1.000000
vt 0.419464 0.080536
vt 0.366735 0.133264
vt 0.333899 0.166101
vt 0.593750 0.874203
vt 0.593750 0.922343
vt 0.593750 1.000000
vt 0.383147 0.050731
vt 0.341719 0.112734
vt 0.315919 0.151346
vt 0.562500 0.874203
vt 0.562500 0.922343
vt 0.562500 1.000000
vt 0.341713 0.028584
vt 0.313177 0.097478
vt 0.295406 0.140381
vt 0.531250 0.874203
vt 0.531250 0.922343
vt 0.531250 1.000000
vt 0.296755 0.014946
vt 0.282207 0.088083
vt 0.273148 0.133629
vt 0.500000 0.874203
vt 0.500000 0.922343
vt 0.500000 1.000000
vt 0.250000 0.010341
vt 0.250000 0.084911
vt 0.250000 0.131350
vt 0.468750 0.874203
vt 0.468750 0.922343
vt 0.468750 1.000000
vt 0.203245 0.014946
vt 0.217793 0.088083
vt 0.226852 0.133629
vt 0.437500 0.874203
vt 0.437500 0.922343
vt 0.437500 1.000000
vt 0.158287 0.028584
vt 0.186823 0.097478
vt 0.204594 0.140381
vt 0.406250 0.874203
vt 0.406250 0.922343
vt 0.406250 1.000000
vt 0.116853 0.050731
vt 0.158281 0.112734
vt 0.184081 0.151346
vt 0.375000 0.874203
vt 0.375000 0.922343
vt 0.375000 1.000000
vt 0.080536 0.080536
vt 0.133264 0.133264
vt 0.166101 0.166101
vt 0.343750 0.874203
vt 0.343750 0.922343
vt 0.343750 1.000000
vt 0.050731 0.116853
vt 0.112734 0.158281
vt 0.151346 0.184081
vt 0.312500 0.874203
vt 0.312500 0.922343
vt 0.312500 1.000000
vt 0.028584 0.158287
vt 0.097478 0.186823
vt 0.140381 0.204594
vt 0.281250 0.874203
vt 0.281250 0.922343
vt 0.281250 1.000000
vt 0.014946 0.203245
vt 0.088083 0.217793
vt 0.133629 0.226852
vt 0.250000 0.874203
vt 0.250000 0.922343
vt 0.250000 1.000000
vt 0.010341 0.250000
vt 0.084911 0.250000
vt 0.131350 0.250000
vt 0.218750 0.874203
vt 0.218750 0.922343
vt 0.218750 1.000000
vt 0.014946 0.296755
vt 0.088083 0.282207
vt 0.133629 0.273148
vt 0.187500 0.874203
vt 0.187500 0.922343
vt 0.187500 1.000000
vt 0.028584 0.341713
vt 0.097478 0.313177
vt 0.140381 0.295406
vt 0.156250 0.874203
vt 0.156250 0.922343
vt 0.156250 1.000000
vt 0.050731 0.383147
vt 0.112734 0.341718
vt 0.151346 0.315919
vt 0.125000 0.874203
vt 0.125000 0.922343
vt 0.125000 1.000000
vt 0.080536 0.419464
vt 0.133264 0.366735
vt 0.166101 0.333899
vt 0.093750 0.874203
vt 0.093750 0.922343
vt 0.093750 1.000000
vt 0.116853 0.449269
vt 0.158281 0.387266
vt 0.184081 0.348654
vt 0.062500 0.874203
vt 0.062500 0.922343
vt 0.062500 1.000000
vt 0.158287 0.471416
vt 0.186823 0.402522
vt 0.204594 0.359619
vt 0.031250 0.874203
vt 0.031250 0.922343
vt 0.031250 1.000000
vt 0.203245 0.485054
vt 0.217793 0.411917
vt 0.226852 0.366371
vt 0.000000 0.874203
vt 0.000601 0.922343
vt 0.002314 1.000000
vt 1.000000 0.500000
vt 0.968750 0.500000
vt 0.031250 0.500000
vt 0.000000 0.500000
vt 0.937500 0.500000
vt 0.906250 0.500000
vt 0.875000 0.500000
vt 0.843750 0.500000
vt 0.812500 0.500000
vt 0.781250 0.500000
vt 0.750000 0.500000
vt 0.718750 0.500000
vt 0.687500 0.500000
vt 0.656250 0.500000
vt 0.625000 0.500000
vt 0.593750 0.500000
vt 0.562500 0.500000
vt 0.531250 0.500000
vt 0.500000 0.500000
vt 0.468750 0.500000
vt 0.437500 0.500000
vt 0.406250 0.500000
vt 0.375000 0.500000
vt 0.343750 0.500000
vt 0.312500 0.500000
vt 0.281250 0.500000
vt 0.250000 0.500000
vt 0.218750 0.500000
vt 0.187500 0.500000
vt 0.156250 0.500000
vt 0.125000 0.500000
vt 0.093750 0.500000
vt 0.062500 0.500000
s 1
usemtl Material.002
f 733/766/556 734/767/556 735/768/556 736/769/556 737/770/556 738/771/556 739/772/556 740/773/556 741/774/556 742/775/556 743/776/556 744/777/556 745/778/556 746/779/556 747/780/556 748/781/556 749/782/556 750/783/556 751/784/556 752/785/556 753/786/556 754/787/556 755/788/556 756/789/556 757/790/556 758/791/556 759/792/556 760/793/556 761/794/556 762/795/556 763/796/556 764/797/556
f 771/798/557 766/799/558 769/800/559 774/801/560
f 774/801/560 769/800/559 768/802/561 773/803/562
f 773/804/562 768/805/561 767/806/563 772/807/564
f 772/807/564 767/806/563 765/808/565 770/809/566
f 776/810/567 771/798/557 774/801/560 779/811/568
f 779/811/568 774/801/560 773/803/562 778/812/569
f 778/813/569 773/804/562 772/807/564 777/814/570
f 777/814/570 772/807/564 770/809/566 775/815/571
f 781/816/572 776/810/567 779/811/568 784/817/573
f 784/817/573 779/811/568 778/812/569 783/818/574
f 783/819/574 778/813/569 777/814/570 782/820/575
f 782/820/575 777/814/570 775/815/571 780/821/576
f 786/822/577 781/816/572 784/817/573 789/823/578
f 789/823/578 784/817/573 783/818/574 788/824/579
f 788/825/579 783/819/574 782/820/575 787/826/580
f 787/826/580 782/820/575 780/821/576 785/827/581
f 791/828/582 786/822/577 789/823/578 794/829/583
f 794/829/583 789/823/578 788/824/579 793/830/584
f 793/831/584 788/825/579 787/826/580 792/832/585
f 792/832/585 787/826/580 785/827/581 790/833/586
f 796/834/587 791/828/582 794/829/583 799/835/588
f 799/835/588 794/829/583 793/830/584 798/836/589
f 798/837/589 793/831/584 792/832/585 797/838/590
f 797/838/590 792/832/585 790/833/586 795/839/591
f 801/840/592 796/834/587 799/835/588 804/841/593
f 804/841/593 799/835/588 798/836/589 803/842/594
f 803/843/594 798/837/589 797/838/590 802/844/595
f 802/844/595 797/838/590 795/839/591 800/845/596
f 806/846/597 801/840/592 804/841/593 809/847/598
f 809/847/598 804/841/593 803/842/594 808/848/599
f 808/849/599 803/843/594 802/844/595 807/850/600
f 807/850/600 802/844/595 800/845/596 805/851/601
f 811/852/602 806/846/597 809/847/598 814/853/603
f 814/853/603 809/847/598 808/848/599 813/854/604
f 813/855/604 808/849/599 807/850/600 812/856/605
f 812/856/605 807/850/600 805/851/601 810/857/606
f 816/858/607 811/852/602 814/853/603 819/859/608
f 819/859/608 814/853/603 813/854/604 818/860/609
f 818/861/609 813/855/604 812/856/605 817/862/610
f 817/862/610 812/856/605 810/857/606 815/863/611
f 821/864/612 816/858/607 819/859/608 824/865/613
f 824/865/613 819/859/608 818/860/609 823/866/614
f 823/867/614 818/861/609 817/862/610 822/868/615
f 822/868/615 817/862/610 815/863/611 820/869/616
f 826/870/617 821/864/612 824/865/613 829/871/618
f 829/871/618 824/865/613 823/866/614 828/872/619
f 828/873/619 823/867/614 822/868/615 827/874/620
f 827/874/620 822/868/615 820/869/616 825/875/621
f 831/876/622 826/870/617 829/871/618 834/877/623
f 834/877/623 829/871/618 828/872/619 833/878/624
f 833/879/624 828/873/619 827/874/620 832/880/625
f 832/880/625 827/874/620 825/875/621 830/881/626
f 836/882/627 831/876/622 834/877/623 839/883/628
f 839/883/628 834/877/623 833/878/624 838/884/629
f 838/885/629 833/879/624 832/880/625 837/886/630
f 837/886/630 832/880/625 830/881/626 835/887/631
f 841/888/632 836/882/627 839/883/628 844/889/633
f 844/889/633 839/883/628 838/884/629 843/890/634
f 843/891/634 838/885/629 837/886/630 842/892/635
f 842/892/635 837/886/630 835/887/631 840/893/636
f 846/894/637 841/888/632 844/889/633 849/895/638
f 849/895/638 844/889/633 843/890/634 848/896/639
f 848/897/639 843/891/634 842/892/635 847/898/640
f 847/898/640 842/892/635 840/893/636 845/899/641
f 851/900/642 846/894/637 849/895/638 854/901/643
f 854/901/643 849/895/638 848/896/639 853/902/644
f 853/903/644 848/897/639 847/898/640 852/904/645
f 852/904/645 847/898/640 845/899/641 850/905/646
f 856/906/647 851/900/642 854/901/643 859/907/648
f 859/907/648 854/901/643 853/902/644 858/908/649
f 858/909/649 853/903/644 852/904/645 857/910/650
f 857/910/650 852/904/645 850/905/646 855/911/651
f 861/912/652 856/906/647 859/907/648 864/913/653
f 864/913/653 859/907/648 858/908/649 863/914/654
f 863/915/654 858/909/649 857/910/650 862/916/655
f 862/916/655 857/910/650 855/911/651 860/917/656
f 866/918/657 861/912/652 864/913/653 869/919/658
f 869/919/658 864/913/653 863/914/654 868/920/659
f 868/921/659 863/915/654 862/916/655 867/922/660
f 867/922/660 862/916/655 860/917/656 865/923/661
f 871/924/662 866/918/657 869/919/658 874/925/663
f 874/925/663 869/919/658 868/920/659 873/926/664
f 873/927/664 868/921/659 867/922/660 872/928/665
f 872/928/665 867/922/660 865/923/661 870/929/666
f 876/930/667 871/924/662 874/925/663 879/931/668
f 879/931/668 874/925/663 873/926/664 878/932/669
f 878/933/669 873/927/664 872/928/665 877/934/670
f 877/934/670 872/928/665 870/929/666 875/935/671
f 881/936/672 876/930/667 879/931/668 884/937/673
f 884/937/673 879/931/668 878/932/669 883/938/674
f 883/939/674 878/933/669 877/934/670 882/940/675
f 882/940/675 877/934/670 875/935/671 880/941/676
f 886/942/677 881/936/672 884/937/673 889/943/678
f 889/943/678 884/937/673 883/938/674 888/944/679
f 888/945/679 883/939/674 882/940/675 887/946/680
f 887/946/680 882/940/675 880/941/676 885/947/681
f 891/948/682 886/942/677 889/943/678 894/949/683
f 894/949/683 889/943/678 888/944/679 893/950/684
f 893/951/684 888/945/679 887/946/680 892/952/685
f 892/952/685 887/946/680 885/947/681 890/953/686
f 896/954/687 891/948/682 894/949/683 899/955/688
f 899/955/688 894/949/683 893/950/684 898/956/689
f 898/957/689 893/951/684 892/952/685 897/958/690
f 897/958/690 892/952/685 890/953/686 895/959/691
f 901/960/692 896/954/687 899/955/688 904/961/693
f 904/961/693 899/955/688 898/956/689 903/962/694
f 903/963/694 898/957/689 897/958/690 902/964/695
f 902/964/695 897/958/690 895/959/691 900/965/696
f 906/966/697 901/960/692 904/961/693 909/967/698
f 909/967/698 904/961/693 903/962/694 908/968/699
f 908/969/699 903/963/694 902/964/695 907/970/700
f 907/970/700 902/964/695 900/965/696 905/971/701
f 911/972/702 906/966/697 909/967/698 914/973/703
f 914/973/703 909/967/698 908/968/699 913/974/704
f 913/975/704 908/969/699 907/970/700 912/976/705
f 912/976/705 907/970/700 905/971/701 910/977/706
f 916/978/707 911/972/702 914/973/703 919/979/708
f 919/979/708 914/973/703 913/974/704 918/980/709
f 918/981/709 913/975/704 912/976/705 917/982/710
f 917/982/710 912/976/705 910/977/706 915/983/711
f 921/984/712 916/978/707 919/979/708 924/985/713
f 924/985/713 919/979/708 918/980/709 923/986/714
f 923/987/714 918/981/709 917/982/710 922/988/715
f 922/988/715 917/982/710 915/983/711 920/989/716
f 766/990/558 921/984/712 924/985/713 769/991/559
f 769/991/559 924/985/713 923/986/714 768/992/561
f 768/805/561 923/987/714 922/988/715 767/806/563
f 767/806/563 922/988/715 920/989/716 765/808/565
f 770/809/566 765/808/565 920/989/716 915/983/711 910/977/706 905/971/701 900/965/696 895/959/691 890/953/686 885/947/681 880/941/676 875/935/671 870/929/666 865/923/661 860/917/656 855/911/651 850/905/646 845/899/641 840/893/636 835/887/631 830/881/626 825/875/621 820/869/616 815/863/611 810/857/606 805/851/601 800/845/596 795/839/591 790/833/586 785/827/581 780/821/576 775/815/571
f 733/993/717 766/799/717 771/798/718 734/994/718
f 764/995/719 921/984/719 766/990/717 733/996/717
f 734/994/718 771/798/718 776/810/720 735/997/720
f 735/997/720 776/810/720 781/816/721 736/998/721
f 736/998/721 781/816/721 786/822/722 737/999/722
f 737/999/722 786/822/722 791/828/723 738/1000/723
f 738/1000/723 791/828/723 796/834/724 739/1001/724
f 739/1001/724 796/834/724 801/840/725 740/1002/725
f 740/1002/725 801/840/725 806/846/726 741/1003/726
f 741/1003/726 806/846/726 811/852/727 742/1004/727
f 742/1004/727 811/852/727 816/858/728 743/1005/728
f 743/1005/728 816/858/728 821/864/729 744/1006/729
f 744/1006/729 821/864/729 826/870/730 745/1007/730
f 745/1007/730 826/870/730 831/876/731 746/1008/731
f 746/1008/731 831/876/731 836/882/732 747/1009/732
f 747/1009/732 836/882/732 841/888/733 748/1010/733
f 748/1010/733 841/888/733 846/894/734 749/1011/734
f 749/1011/734 846/894/734 851/900/735 750/1012/735
f 750/1012/735 851/900/735 856/906/736 751/1013/736
f 751/1013/736 856/906/736 861/912/737 752/1014/737
f 752/1014/737 861/912/737 866/918/738 753/1015/738
f 753/1015/738 866/918/738 871/924/739 754/1016/739
f 754/1016/739 871/924/739 876/930/740 755/1017/740
f 755/1017/740 876/930/740 881/936/741 756/1018/741
f 756/1018/741 881/936/741 886/942/742 757/1019/742
f 757/1019/742 886/942/742 891/948/743 758/1020/743
f 758/1020/743 891/948/743 896/954/744 759/1021/744
f 759/1021/744 896/954/744 901/960/745 760/1022/745
f 760/1022/745 901/960/745 906/966/746 761/1023/746
f 761/1023/746 906/966/746 911/972/747 762/1024/747
f 762/1024/747 911/972/747 916/978/748 763/1025/748
f 763/1025/748 916/978/748 921/984/719 764/995/719
o Cylinder.003
v -0.079706 3.014869 -0.014986
v -0.879772 5.003594 -0.004959
v -0.076993 3.015960 -0.014698
v -0.878874 5.003956 -0.004864
v -0.074385 3.017009 -0.013845
v -0.878011 5.004303 -0.004582
v -0.071982 3.017977 -0.012460
v -0.877216 5.004623 -0.004123
v -0.069875 3.018824 -0.010597
v -0.876519 5.004903 -0.003507
v -0.068146 3.019520 -0.008326
v -0.875946 5.005134 -0.002755
v -0.066861 3.020036 -0.005735
v -0.875521 5.005304 -0.001898
v -0.066070 3.020355 -0.002924
v -0.875259 5.005410 -0.000967
v -0.065803 3.020462 0.000000
v -0.875171 5.005445 0.000000
v -0.066070 3.020355 0.002924
v -0.875259 5.005410 0.000967
v -0.066861 3.020036 0.005735
v -0.875521 5.005304 0.001898
v -0.068146 3.019520 0.008326
v -0.875946 5.005134 0.002755
v -0.069875 3.018824 0.010597
v -0.876519 5.004903 0.003507
v -0.071982 3.017977 0.012460
v -0.877216 5.004623 0.004123
v -0.074385 3.017009 0.013845
v -0.878011 5.004303 0.004582
v -0.076993 3.015960 0.014698
v -0.878874 5.003956 0.004864
v -0.079706 3.014869 0.014986
v -0.879772 5.003594 0.004959
v -0.082418 3.013778 0.014698
v -0.880669 5.003233 0.004864
v -0.085026 3.012729 0.013845
v -0.881533 5.002886 0.004582
v -0.087430 3.011762 0.012460
v -0.882328 5.002566 0.004123
v -0.089537 3.010914 0.010597
v -0.883025 5.002286 0.003507
v -0.091266 3.010219 0.008326
v -0.883597 5.002056 0.002755
v -0.092551 3.009702 0.005735
v -0.884022 5.001884 0.001898
v -0.093342 3.009383 0.002924
v -0.884284 5.001779 0.000967
v -0.093609 3.009276 0.000000
v -0.884373 5.001744 0.000000
v -0.093342 3.009383 -0.002924
v -0.884284 5.001779 -0.000967
v -0.092551 3.009702 -0.005735
v -0.884022 5.001884 -0.001898
v -0.091266 3.010219 -0.008326
v -0.883597 5.002056 -0.002755
v -0.089537 3.010914 -0.010597
v -0.883025 5.002286 -0.003507
v -0.087430 3.011762 -0.012460
v -0.882328 5.002566 -0.004123
v -0.085026 3.012729 -0.013845
v -0.881533 5.002886 -0.004582
v -0.082418 3.013778 -0.014698
v -0.880669 5.003233 -0.004864
vn 0.0892 0.0409 -0.9952
vn 0.2676 0.1127 -0.9569
vn 0.4356 0.1803 -0.8819
vn 0.5868 0.2411 -0.7730
vn 0.7154 0.2928 -0.6344
vn 0.8165 0.3335 -0.4713
vn 0.8860 0.3615 -0.2903
vn 0.9215 0.3757 -0.0980
vn 0.9215 0.3757 0.0980
vn 0.8860 0.3615 0.2903
vn 0.8165 0.3335 0.4713
vn 0.7154 0.2928 0.6344
vn 0.5868 0.2411 0.7730
vn 0.4356 0.1803 0.8819
vn 0.2676 0.1127 0.9569
vn 0.0892 0.0409 0.9952
vn -0.0927 -0.0323 0.9952
vn -0.2710 -0.1040 0.9569
vn -0.4391 -0.1716 0.8819
vn -0.5903 -0.2325 0.7730
vn -0.7189 -0.2842 0.6344
vn -0.8199 -0.3248 0.4714
vn -0.8895 -0.3528 0.2903
vn -0.9250 -0.3671 0.0980
vn -0.9250 -0.3671 -0.0980
vn -0.8895 -0.3528 -0.2903
vn -0.8199 -0.3248 -0.4714
vn -0.7189 -0.2842 -0.6344
vn -0.5903 -0.2325 -0.7730
vn -0.4391 -0.1716 -0.8819
vn -0.3731 0.9278 -0.0000
vn -0.2710 -0.1040 -0.9569
vn -0.0927 -0.0323 -0.9952
vn 0.3732 -0.9277 -0.0000
vt 1.000000 0.500000
vt 1.000000 1.000000
vt 0.968750 1.000000
vt 0.968750 0.500000
vt 0.937500 1.000000
vt 0.937500 0.500000
vt 0.906250 1.000000
vt 0.906250 0.500000
vt 0.875000 1.000000
vt 0.875000 0.500000
vt 0.843750 1.000000
vt 0.843750 0.500000
vt 0.812500 1.000000
vt 0.812500 0.500000
vt 0.781250 1.000000
vt 0.781250 0.500000
vt 0.750000 1.000000
vt 0.750000 0.500000
vt 0.718750 1.000000
vt 0.718750 0.500000
vt 0.687500 1.000000
vt 0.687500 0.500000
vt 0.656250 1.000000
vt 0.656250 0.500000
vt 0.625000 1.000000
vt 0.625000 0.500000
vt 0.593750 1.000000
vt 0.593750 0.500000
vt 0.562500 1.000000
vt 0.562500 0.500000
vt 0.531250 1.000000
vt 0.531250 0.500000
vt 0.500000 1.000000
vt 0.500000 0.500000
vt 0.468750 1.000000
vt 0.468750 0.500000
vt 0.437500 1.000000
vt 0.437500 0.500000
vt 0.406250 1.000000
vt 0.406250 0.500000
vt 0.375000 1.000000
vt 0.375000 0.500000
vt 0.343750 1.000000
vt 0.343750 0.500000
vt 0.312500 1.000000
vt 0.312500 0.500000
vt 0.281250 1.000000
vt 0.281250 0.500000
vt 0.250000 1.000000
vt 0.250000 0.500000
vt 0.218750 1.000000
vt 0.218750 0.500000
vt 0.187500 1.000000
vt 0.187500 0.500000
vt 0.156250 1.000000
vt 0.156250 0.500000
vt 0.125000 1.000000
vt 0.125000 0.500000
vt 0.093750 1.000000
vt 0.093750 0.500000
vt 0.062500 1.000000
vt 0.062500 0.500000
vt 0.296822 0.485388
vt 0.250000 0.490000
vt 0.203178 0.485388
vt 0.158156 0.471731
vt 0.116663 0.449553
vt 0.080294 0.419706
vt 0.050447 0.383337
vt 0.028269 0.341844
vt 0.014612 0.296822
vt 0.010000 0.250000
vt 0.014612 0.203178
vt 0.028269 0.158156
vt 0.050447 0.116663
vt 0.080294 0.080294
vt 0.116663 0.050447
vt 0.158156 0.028269
vt 0.203178 0.014612
vt 0.250000 0.010000
vt 0.296822 0.014612
vt 0.341844 0.028269
vt 0.383337 0.050447
vt 0.419706 0.080294
vt 0.449553 0.116663
vt 0.471731 0.158156
vt 0.485388 0.203178
vt 0.490000 0.250000
vt 0.485388 0.296822
vt 0.471731 0.341844
vt 0.449553 0.383337
vt 0.419706 0.419706
vt 0.383337 0.449553
vt 0.341844 0.471731
vt 0.031250 1.000000
vt 0.031250 0.500000
vt 0.000000 1.000000
vt 0.000000 0.500000
vt 0.750000 0.490000
vt 0.796822 0.485388
vt 0.841844 0.471731
vt 0.883337 0.449553
vt 0.919706 0.419706
vt 0.949553 0.383337
vt 0.971731 0.341844
vt 0.985388 0.296822
vt 0.990000 0.250000
vt 0.985388 0.203178
vt 0.971731 0.158156
vt 0.949553 0.116663
vt 0.919706 0.080294
vt 0.883337 0.050447
vt 0.841844 0.028269
vt 0.796822 0.014612
vt 0.750000 0.010000
vt 0.703178 0.014612
vt 0.658156 0.028269
vt 0.616663 0.050447
vt 0.580294 0.080294
vt 0.550447 0.116663
vt 0.528269 0.158156
vt 0.514612 0.203178
vt 0.510000 0.250000
vt 0.514612 0.296822
vt 0.528269 0.341844
vt 0.550447 0.383337
vt 0.580294 0.419706
vt 0.616663 0.449553
vt 0.658156 0.471731
vt 0.703178 0.485388
s 1
usemtl Material.002
f 925/1026/749 926/1027/749 928/1028/749 927/1029/749
f 927/1029/750 928/1028/750 930/1030/750 929/1031/750
f 929/1031/751 930/1030/751 932/1032/751 931/1033/751
f 931/1033/752 932/1032/752 934/1034/752 933/1035/752
f 933/1035/753 934/1034/753 936/1036/753 935/1037/753
f 935/1037/754 936/1036/754 938/1038/754 937/1039/754
f 937/1039/755 938/1038/755 940/1040/755 939/1041/755
f 939/1041/756 940/1040/756 942/1042/756 941/1043/756
f 941/1043/757 942/1042/757 944/1044/757 943/1045/757
f 943/1045/758 944/1044/758 946/1046/758 945/1047/758
f 945/1047/759 946/1046/759 948/1048/759 947/1049/759
f 947/1049/760 948/1048/760 950/1050/760 949/1051/760
f 949/1051/761 950/1050/761 952/1052/761 951/1053/761
f 951/1053/762 952/1052/762 954/1054/762 953/1055/762
f 953/1055/763 954/1054/763 956/1056/763 955/1057/763
f 955/1057/764 956/1056/764 958/1058/764 957/1059/764
f 957/1059/765 958/1058/765 960/1060/765 959/1061/765
f 959/1061/766 960/1060/766 962/1062/766 961/1063/766
f 961/1063/767 962/1062/767 964/1064/767 963/1065/767
f 963/1065/768 964/1064/768 966/1066/768 965/1067/768
f 965/1067/769 966/1066/769 968/1068/769 967/1069/769
f 967/1069/770 968/1068/770 970/1070/770 969/1071/770
f 969/1071/771 970/1070/771 972/1072/771 971/1073/771
f 971/1073/772 972/1072/772 974/1074/772 973/1075/772
f 973/1075/773 974/1074/773 976/1076/773 975/1077/773
f 975/1077/774 976/1076/774 978/1078/774 977/1079/774
f 977/1079/775 978/1078/775 980/1080/775 979/1081/775
f 979/1081/776 980/1080/776 982/1082/776 981/1083/776
f 981/1083/777 982/1082/777 984/1084/777 983/1085/777
f 983/1085/778 984/1084/778 986/1086/778 985/1087/778
f 928/1088/779 926/1089/779 988/1090/779 986/1091/779 984/1092/779 982/1093/779 980/1094/779 978/1095/779 976/1096/779 974/1097/779 972/1098/779 970/1099/779 968/1100/779 966/1101/779 964/1102/779 962/1103/779 960/1104/779 958/1105/779 956/1106/779 954/1107/779 952/1108/779 950/1109/779 948/1110/779 946/1111/779 944/1112/779 942/1113/779 940/1114/779 938/1115/779 936/1116/779 934/1117/779 932/1118/779 930/1119/779
f 985/1087/780 986/1086/780 988/1120/780 987/1121/780
f 987/1121/781 988/1120/781 926/1122/781 925/1123/781
f 925/1124/782 927/1125/782 929/1126/782 931/1127/782 933/1128/782 935/1129/782 937/1130/782 939/1131/782 941/1132/782 943/1133/782 945/1134/782 947/1135/782 949/1136/782 951/1137/782 953/1138/782 955/1139/782 957/1140/782 959/1141/782 961/1142/782 963/1143/782 965/1144/782 967/1145/782 969/1146/782 971/1147/782 973/1148/782 975/1149/782 977/1150/782 979/1151/782 981/1152/782 983/1153/782 985/1154/782 987/1155/782
o Cylinder.004
v -0.037078 2.974738 -0.032078
v 1.035733 4.824598 0.117345
v -0.034568 2.973255 -0.031717
v 1.036563 4.824107 0.117465
v -0.032186 2.971803 -0.030796
v 1.037352 4.823627 0.117770
v -0.030023 2.970439 -0.029349
v 1.038067 4.823176 0.118248
v -0.028163 2.969216 -0.027433
v 1.038683 4.822771 0.118882
v -0.026676 2.968179 -0.025121
v 1.039175 4.822428 0.119648
v -0.025621 2.967370 -0.022501
v 1.039524 4.822160 0.120514
v -0.025037 2.966818 -0.019676
v 1.039717 4.821978 0.121449
v -0.024947 2.966546 -0.016752
v 1.039747 4.821887 0.122417
v -0.025355 2.966563 -0.013843
v 1.039612 4.821893 0.123380
v -0.026245 2.966870 -0.011060
v 1.039318 4.821994 0.124301
v -0.027582 2.967453 -0.008510
v 1.038875 4.822187 0.125144
v -0.029316 2.968292 -0.006291
v 1.038301 4.822465 0.125879
v -0.031379 2.969353 -0.004489
v 1.037619 4.822816 0.126475
v -0.033693 2.970596 -0.003173
v 1.036853 4.823227 0.126911
v -0.036168 2.971973 -0.002393
v 1.036034 4.823683 0.127169
v -0.038709 2.973431 -0.002179
v 1.035193 4.824166 0.127239
v -0.041219 2.974914 -0.002540
v 1.034362 4.824656 0.127120
v -0.043601 2.976365 -0.003461
v 1.033574 4.825137 0.126815
v -0.045764 2.977729 -0.004908
v 1.032858 4.825588 0.126337
v -0.047625 2.978953 -0.006824
v 1.032243 4.825993 0.125702
v -0.049111 2.979989 -0.009136
v 1.031751 4.826336 0.124937
v -0.050167 2.980799 -0.011755
v 1.031402 4.826604 0.124070
v -0.050750 2.981350 -0.014581
v 1.031208 4.826787 0.123135
v -0.050840 2.981623 -0.017505
v 1.031179 4.826877 0.122168
v -0.050432 2.981606 -0.020414
v 1.031314 4.826871 0.121205
v -0.049543 2.981299 -0.023197
v 1.031608 4.826769 0.120284
v -0.048205 2.980716 -0.025747
v 1.032050 4.826576 0.119440
v -0.046472 2.979877 -0.027965
v 1.032624 4.826299 0.118706
v -0.044408 2.978816 -0.029768
v 1.033307 4.825948 0.118110
v -0.042095 2.977573 -0.031084
v 1.034073 4.825536 0.117674
v -0.039620 2.976196 -0.031864
v 1.034892 4.825081 0.117416
vn 0.1412 -0.0019 -0.9900
vn 0.3051 -0.1003 -0.9470
vn 0.4576 -0.1947 -0.8676
vn 0.5924 -0.2814 -0.7549
vn 0.7046 -0.3571 -0.6132
vn 0.7899 -0.4191 -0.4478
vn 0.8448 -0.4647 -0.2652
vn 0.8674 -0.4923 -0.0725
vn 0.8567 -0.5009 0.1231
vn 0.8132 -0.4900 0.3139
vn 0.7386 -0.4602 0.4927
vn 0.6356 -0.4125 0.6526
vn 0.5083 -0.3488 0.7873
vn 0.3616 -0.2716 0.8919
vn 0.2010 -0.1837 0.9622
vn 0.0329 -0.0887 0.9955
vn -0.1365 0.0099 0.9906
vn -0.3005 0.1083 0.9476
vn -0.4528 0.2027 0.8682
vn -0.5878 0.2894 0.7555
vn -0.7000 0.3652 0.6137
vn -0.7852 0.4271 0.4484
vn -0.8401 0.4727 0.2658
vn -0.8627 0.5004 0.0730
vn -0.8521 0.5089 -0.1224
vn -0.8086 0.4980 -0.3133
vn -0.7339 0.4682 -0.4921
vn -0.6309 0.4205 -0.6520
vn -0.5037 0.3569 -0.7867
vn -0.3569 0.2796 -0.8913
vn 0.5008 0.8631 0.0650
vn -0.1964 0.1918 -0.9616
vn -0.0282 0.0967 -0.9949
vn -0.5007 -0.8632 -0.0650
vt 1.000000 0.500000
vt 1.000000 1.000000
vt 0.968750 1.000000
vt 0.968750 0.500000
vt 0.937500 1.000000
vt 0.937500 0.500000
vt 0.906250 1.000000
vt 0.906250 0.500000
vt 0.875000 1.000000
vt 0.875000 0.500000
vt 0.843750 1.000000
vt 0.843750 0.500000
vt 0.812500 1.000000
vt 0.812500 0.500000
vt 0.781250 1.000000
vt 0.781250 0.500000
vt 0.750000 1.000000
vt 0.750000 0.500000
vt 0.718750 1.000000
vt 0.718750 0.500000
vt 0.687500 1.000000
vt 0.687500 0.500000
vt 0.656250 1.000000
vt 0.656250 0.500000
vt 0.625000 1.000000
vt 0.625000 0.500000
vt 0.593750 1.000000
vt 0.593750 0.500000
vt 0.562500 1.000000
vt 0.562500 0.500000
vt 0.531250 1.000000
vt 0.531250 0.500000
vt 0.500000 1.000000
vt 0.500000 0.500000
vt 0.468750 1.000000
vt 0.468750 0.500000
vt 0.437500 1.000000
vt 0.437500 0.500000
vt 0.406250 1.000000
vt 0.406250 0.500000
vt 0.375000 1.000000
vt 0.375000 0.500000
vt 0.343750 1.000000
vt 0.343750 0.500000
vt 0.312500 1.000000
vt 0.312500 0.500000
vt 0.281250 1.000000
vt 0.281250 0.500000
vt 0.250000 1.000000
vt 0.250000 0.500000
vt 0.218750 1.000000
vt 0.218750 0.500000
vt 0.187500 1.000000
vt 0.187500 0.500000
vt 0.156250 1.000000
vt 0.156250 0.500000
vt 0.125000 1.000000
vt 0.125000 0.500000
vt 0.093750 1.000000
vt 0.093750 0.500000
vt 0.062500 1.000000
vt 0.062500 0.500000
vt 0.296822 0.485388
vt 0.250000 0.490000
vt 0.203178 0.485388
vt 0.158156 0.471731
vt 0.116663 0.449553
vt 0.080294 0.419706
vt 0.050447 0.383337
vt 0.028269 0.341844
vt 0.014612 0.296822
vt 0.010000 0.250000
vt 0.014612 0.203178
vt 0.028269 0.158156
vt 0.050447 0.116663
vt 0.080294 0.080294
vt 0.116663 0.050447
vt 0.158156 0.028269
vt 0.203178 0.014612
vt 0.250000 0.010000
vt 0.296822 0.014612
vt 0.341844 0.028269
vt 0.383337 0.050447
vt 0.419706 0.080294
vt 0.449553 0.116663
vt 0.471731 0.158156
vt 0.485388 0.203178
vt 0.490000 0.250000
vt 0.485388 0.296822
vt 0.471731 0.341844
vt 0.449553 0.383337
vt 0.419706 0.419706
vt 0.383337 0.449553
vt 0.341844 0.471731
vt 0.031250 1.000000
vt 0.031250 0.500000
vt 0.000000 1.000000
vt 0.000000 0.500000
vt 0.750000 0.490000
vt 0.796822 0.485388
vt 0.841844 0.471731
vt 0.883337 0.449553
vt 0.919706 0.419706
vt 0.949553 0.383337
vt 0.971731 0.341844
vt 0.985388 0.296822
vt 0.990000 0.250000
vt 0.985388 0.203178
vt 0.971731 0.158156
vt 0.949553 0.116663
vt 0.919706 0.080294
vt 0.883337 0.050447
vt 0.841844 0.028269
vt 0.796822 0.014612
vt 0.750000 0.010000
vt 0.703178 0.014612
vt 0.658156 0.028269
vt 0.616663 0.050447
vt 0.580294 0.080294
vt 0.550447 0.116663
vt 0.528269 0.158156
vt 0.514612 0.203178
vt 0.510000 0.250000
vt 0.514612 0.296822
vt 0.528269 0.341844
vt 0.550447 0.383337
vt 0.580294 0.419706
vt 0.616663 0.449553
vt 0.658156 0.471731
vt 0.703178 0.485388
s 1
usemtl Material.002
f 989/1156/783 990/1157/783 992/1158/783 991/1159/783
f 991/1159/784 992/1158/784 994/1160/784 993/1161/784
f 993/1161/785 994/1160/785 996/1162/785 995/1163/785
f 995/1163/786 996/1162/786 998/1164/786 997/1165/786
f 997/1165/787 998/1164/787 1000/1166/787 999/1167/787
f 999/1167/788 1000/1166/788 1002/1168/788 1001/1169/788
f 1001/1169/789 1002/1168/789 1004/1170/789 1003/1171/789
f 1003/1171/790 1004/1170/790 1006/1172/790 1005/1173/790
f 1005/1173/791 1006/1172/791 1008/1174/791 1007/1175/791
f 1007/1175/792 1008/1174/792 1010/1176/792 1009/1177/792
f 1009/1177/793 1010/1176/793 1012/1178/793 1011/1179/793
f 1011/1179/794 1012/1178/794 1014/1180/794 1013/1181/794
f 1013/1181/795 1014/1180/795 1016/1182/795 1015/1183/795
f 1015/1183/796 1016/1182/796 1018/1184/796 1017/1185/796
f 1017/1185/797 1018/1184/797 1020/1186/797 1019/1187/797
f 1019/1187/798 1020/1186/798 1022/1188/798 1021/1189/798
f 1021/1189/799 1022/1188/799 1024/1190/799 1023/1191/799
f 1023/1191/800 1024/1190/800 1026/1192/800 1025/1193/800
f 1025/1193/801 1026/1192/801 1028/1194/801 1027/1195/801
f 1027/1195/802 1028/1194/802 1030/1196/802 1029/1197/802
f 1029/1197/803 1030/1196/803 1032/1198/803 1031/1199/803
f 1031/1199/804 1032/1198/804 1034/1200/804 1033/1201/804
f 1033/1201/805 1034/1200/805 1036/1202/805 1035/1203/805
f 1035/1203/806 1036/1202/806 1038/1204/806 1037/1205/806
f 1037/1205/807 1038/1204/807 1040/1206/807 1039/1207/807
f 1039/1207/808 1040/1206/808 1042/1208/808 1041/1209/808
f 1041/1209/809 1042/1208/809 1044/1210/809 1043/1211/809
f 1043/1211/810 1044/1210/810 1046/1212/810 1045/1213/810
f 1045/1213/811 1046/1212/811 1048/1214/811 1047/1215/811
f 1047/1215/812 1048/1214/812 1050/1216/812 1049/1217/812
f 992/1218/813 990/1219/813 1052/1220/813 1050/1221/813 1048/1222/813 1046/1223/813 1044/1224/813 1042/1225/813 1040/1226/813 1038/1227/813 1036/1228/813 1034/1229/813 1032/1230/813 1030/1231/813 1028/1232/813 1026/1233/813 1024/1234/813 1022/1235/813 1020/1236/813 1018/1237/813 1016/1238/813 1014/1239/813 1012/1240/813 1010/1241/813 1008/1242/813 1006/1243/813 1004/1244/813 1002/1245/813 1000/1246/813 998/1247/813 996/1248/813 994/1249/813
f 1049/1217/814 1050/1216/814 1052/1250/814 1051/1251/814
f 1051/1251/815 1052/1250/815 990/1252/815 989/1253/815
f 989/1254/816 991/1255/816 993/1256/816 995/1257/816 997/1258/816 999/1259/816 1001/1260/816 1003/1261/816 1005/1262/816 1007/1263/816 1009/1264/816 1011/1265/816 1013/1266/816 1015/1267/816 1017/1268/816 1019/1269/816 1021/1270/816 1023/1271/816 1025/1272/816 1027/1273/816 1029/1274/816 1031/1275/816 1033/1276/816 1035/1277/816 1037/1278/816 1039/1279/816 1041/1280/816 1043/1281/816 1045/1282/816 1047/1283/816 1049/1284/816 1051/1285/816
o Retopo_Cylinder
v 2.014972 2.323826 1.440862
v 1.927550 2.379912 1.440862
v 2.076802 2.458421 1.440862
v 1.952551 2.479804 1.061149
v 2.051867 2.314559 1.061149
v 1.992113 2.486064 1.440862
v 1.968894 2.313398 1.061149
v 2.073492 2.520491 1.061149
v 2.040805 2.345773 1.440862
v 2.007505 2.369328 1.440862
v 1.985029 2.337610 1.440862
v 2.022891 2.284249 1.440862
v 2.080416 2.306957 1.440862
v 1.966577 2.290447 1.440862
v 1.937162 2.408830 1.440862
v 1.888025 2.417403 1.440862
v 1.893008 2.367613 1.440862
v 1.920117 2.321040 1.440862
v 1.952371 2.358603 1.440862
v 1.975017 2.390236 1.440862
v 2.079275 2.422047 1.440862
v 2.128878 2.421337 1.440862
v 2.105812 2.477428 1.440862
v 2.069687 2.509601 1.440861
v 2.049696 2.470655 1.440862
v 2.041587 2.431440 1.440862
v 1.925210 2.509988 1.061149
v 1.977983 2.532222 1.061149
v 1.991008 2.478071 1.061149
v 1.942648 2.445296 1.061149
v 1.893921 2.458177 1.061149
v 1.995585 2.436595 1.061149
v 2.071389 2.279561 1.061149
v 2.006122 2.264823 1.061149
v 2.007508 2.312812 1.061149
v 2.002189 2.358321 1.061149
v 2.061910 2.347772 1.061149
v 2.112411 2.320237 1.061149
v 1.979951 2.522517 1.440862
v 1.936116 2.501827 1.440862
v 1.973708 2.464288 1.440862
v 2.020725 2.478009 1.440862
v 2.026639 2.524667 1.440862
v 2.008561 2.443806 1.440862
v 1.945350 2.280397 1.061149
v 1.898087 2.327852 1.061149
v 1.951402 2.348941 1.061149
v 2.030328 2.526316 1.061149
v 2.035481 2.592314 1.061149
v 2.106106 2.567340 1.061149
v 2.164112 2.513816 1.061149
v 2.100393 2.481935 1.061149
v 2.040260 2.473578 1.061149
v 2.127202 2.431363 1.061149
v 2.056487 2.431156 1.061149
v 2.130438 2.372784 1.061149
v 2.064770 2.388697 1.061149
v 1.998349 2.395607 1.061149
v 1.937145 2.396451 1.061149
v 1.879314 2.393316 1.061149
v 1.848405 2.303228 1.061149
v 1.819993 2.390254 1.061149
v 1.833926 2.479187 1.061149
v 1.816409 2.392851 1.113533
v 1.831648 2.481346 1.113528
v 1.883558 2.551186 1.113576
v 1.886496 2.549272 1.061149
v 1.956720 2.590263 1.113607
v 1.959212 2.587517 1.061149
v 2.035763 2.595598 1.113605
v 1.955012 2.593321 1.166062
v 2.036511 2.598969 1.166077
v 2.113124 2.571123 1.166069
v 2.109638 2.569109 1.113590
v 2.172829 2.512979 1.166048
v 2.168308 2.513390 1.113564
v 2.202899 2.433211 1.166048
v 2.199107 2.435858 1.113568
v 2.195628 2.438516 1.061149
v 2.193901 2.351496 1.113581
v 2.191808 2.356136 1.061149
v 2.153037 2.276974 1.113573
v 2.153981 2.283343 1.061149
v 2.081919 2.226068 1.113521
v 2.086330 2.231594 1.061149
v 1.993919 2.212662 1.113551
v 2.000238 2.215397 1.061149
v 1.908018 2.240324 1.113529
v 1.914741 2.240385 1.061149
v 1.843400 2.305686 1.113526
v 1.901326 2.240154 1.165990
v 1.838390 2.307620 1.166008
v 1.812769 2.395219 1.166006
v 1.833280 2.309901 1.218524
v 1.809175 2.398044 1.218527
v 1.826413 2.486239 1.218530
v 1.828808 2.483551 1.166023
v 1.879006 2.556287 1.218567
v 1.880966 2.553492 1.166061
v 1.954011 2.596583 1.218571
v 1.877538 2.559526 1.271098
v 1.953462 2.599999 1.271113
v 2.038272 2.605655 1.271101
v 2.037372 2.602306 1.218570
v 2.118460 2.575929 1.271088
v 2.115963 2.573310 1.218576
v 2.180208 2.513974 1.271088
v 2.176613 2.513126 1.218559
v 2.210191 2.429451 1.271091
v 2.206567 2.431078 1.218552
v 2.200543 2.338195 1.271077
v 2.198310 2.342530 1.218533
v 2.196112 2.346956 1.166041
v 2.151592 2.264973 1.218514
v 2.152370 2.270874 1.166025
v 2.073604 2.216018 1.218525
v 2.077779 2.220939 1.166018
v 1.981391 2.207064 1.218516
v 1.987690 2.209823 1.166016
v 1.894701 2.240737 1.218502
v 1.975140 2.204334 1.271052
v 1.888325 2.241240 1.271057
v 1.828146 2.312257 1.271047
v 1.881931 2.241927 1.323622
v 1.822852 2.314935 1.323624
v 1.801803 2.404786 1.323612
v 1.805466 2.401162 1.271071
v 1.822083 2.493110 1.323647
v 1.824141 2.489507 1.271094
v 1.876379 2.563036 1.323679
v 1.820063 2.496847 1.376307
v 1.875287 2.566657 1.376307
v 1.953027 2.607116 1.376307
v 1.953197 2.603517 1.323676
v 2.040344 2.612485 1.376307
v 2.039146 2.609038 1.323672
v 2.122953 2.581637 1.376307
v 2.120646 2.578748 1.323640
v 2.186818 2.516750 1.376307
v 2.183490 2.515193 1.323624
v 2.217412 2.427005 1.376307
v 2.213784 2.428211 1.323633
v 2.205242 2.329627 1.376307
v 2.202890 2.334147 1.323606
v 2.148708 2.248160 1.376307
v 2.149611 2.253569 1.323600
v 2.150580 2.259056 1.271048
v 2.065104 2.206225 1.323616
v 2.069353 2.211113 1.271053
v 1.968706 2.201720 1.323604
v 2.061084 2.201353 1.376307
v 1.962407 2.199542 1.376307
v 1.875556 2.242625 1.376307
v 1.964269 2.220452 1.390569
v 1.886504 2.260225 1.390569
v 1.835011 2.328285 1.390569
v 1.817401 2.317636 1.376307
v 1.819096 2.410136 1.390569
v 1.798295 2.408602 1.376307
v 1.839219 2.489090 1.390569
v 1.838423 2.411900 1.377741
v 1.857109 2.482123 1.377741
v 1.902164 2.537471 1.377741
v 1.889163 2.551460 1.390569
v 1.964760 2.569281 1.377741
v 1.959100 2.587483 1.390569
v 2.034209 2.573286 1.377741
v 2.037219 2.592143 1.390569
v 2.099963 2.549009 1.377741
v 2.111375 2.564523 1.390569
v 2.152541 2.496846 1.377741
v 2.169141 2.506226 1.390569
v 2.178005 2.422978 1.377741
v 2.196980 2.424798 1.390569
v 2.167686 2.342281 1.377741
v 2.185736 2.336119 1.390569
v 2.119559 2.275482 1.377741
v 2.133480 2.262248 1.390569
v 2.046503 2.238325 1.377741
v 2.053452 2.220513 1.390569
v 1.966221 2.239780 1.377741
v 2.043445 2.247319 1.377741
v 1.967152 2.248993 1.377741
v 1.901412 2.283914 1.377741
v 1.896842 2.276400 1.377741
v 1.858861 2.342573 1.377741
v 1.851367 2.338121 1.377741
v 1.847188 2.412061 1.377741
v 1.874803 2.357499 1.440862
v 1.867462 2.417016 1.440862
v 1.884771 2.473200 1.440862
v 1.865025 2.478463 1.377741
v 1.922744 2.517144 1.440862
v 1.907871 2.530661 1.377741
v 1.974103 2.541941 1.440862
v 1.967225 2.560529 1.377741
v 2.029693 2.544690 1.440862
v 2.032800 2.564126 1.377741
v 2.081671 2.526015 1.440862
v 2.094807 2.541056 1.377741
v 2.124710 2.485886 1.440862
v 2.143906 2.492696 1.377741
v 2.149203 2.422461 1.440862
v 2.169164 2.422229 1.377741
v 2.140375 2.349956 1.440862
v 2.159475 2.345210 1.377741
v 2.095171 2.292648 1.440862
v 2.113401 2.281692 1.377741
v 2.030313 2.264911 1.440862
v 2.094497 2.292156 1.434511
v 2.029330 2.264757 1.434511
v 1.962910 2.270370 1.434511
v 1.963685 2.270135 1.440862
v 1.907465 2.304494 1.434511
v 1.908078 2.303805 1.440862
v 1.874499 2.358503 1.434511
v 1.915801 2.314985 1.434511
v 1.886492 2.364120 1.434511
v 1.880775 2.417354 1.434511
v 1.867580 2.417767 1.434511
v 1.896849 2.467843 1.434511
v 1.885069 2.473688 1.434511
v 1.931405 2.507247 1.434511
v 1.923087 2.517395 1.434511
v 1.977883 2.529377 1.434511
v 1.974387 2.542010 1.434511
v 2.027687 2.531744 1.434511
v 2.029736 2.544683 1.434511
v 2.073875 2.515426 1.434511
v 2.081349 2.526212 1.434511
v 2.112539 2.480344 1.434511
v 2.124231 2.486542 1.434511
v 2.136064 2.421690 1.434511
v 2.149138 2.422877 1.434511
v 2.127847 2.354308 1.434511
v 2.140227 2.349680 1.434511
v 2.085590 2.301875 1.434511
v 2.121031 2.356782 1.440862
v 2.025471 2.277412 1.434511
v 1.965377 2.283311 1.434511
v 2.067654 2.379277 1.440862
v 2.028700 2.398510 1.440862
v 1.992602 2.417760 1.440862
v 1.952608 2.440049 1.440862
v 1.903433 2.464897 1.440862
vn -0.0000 -0.0000 1.0000
vn -0.0000 -0.0000 -1.0000
vn -0.9195 0.3877 -0.0646
vn -0.9947 -0.0803 -0.0647
vn -0.9956 -0.0650 -0.0671
vn -0.9170 0.3933 -0.0670
vn -0.6509 0.7563 -0.0660
vn -0.6473 0.7595 -0.0648
vn -0.2751 0.9593 -0.0634
vn -0.2682 0.9613 -0.0623
vn 0.1375 0.9886 -0.0612
vn 0.1382 0.9886 -0.0593
vn -0.2773 0.9586 -0.0646
vn 0.1392 0.9882 -0.0633
vn 0.5309 0.8451 -0.0631
vn 0.5233 0.8499 -0.0620
vn 0.5150 0.8551 -0.0598
vn 0.8350 0.5466 -0.0632
vn 0.8265 0.5595 -0.0622
vn 0.8183 0.5717 -0.0595
vn 0.9881 0.1406 -0.0629
vn 0.9857 0.1570 -0.0611
vn 0.9831 0.1738 -0.0581
vn 0.9587 -0.2776 -0.0615
vn 0.9641 -0.2587 -0.0592
vn 0.7464 -0.6625 -0.0626
vn 0.7648 -0.6413 -0.0613
vn 0.3759 -0.9245 -0.0629
vn 0.4071 -0.9113 -0.0623
vn -0.0795 -0.9948 -0.0642
vn -0.0476 -0.9969 -0.0628
vn -0.5224 -0.8501 -0.0666
vn -0.4959 -0.8660 -0.0637
vn -0.8561 -0.5125 -0.0672
vn -0.8424 -0.5349 -0.0645
vn -0.5459 -0.8352 -0.0672
vn -0.8667 -0.4941 -0.0683
vn -0.9963 -0.0521 -0.0686
vn -0.8772 -0.4754 -0.0676
vn -0.9970 -0.0370 -0.0687
vn -0.9116 0.4056 -0.0675
vn -0.9149 0.3979 -0.0681
vn -0.6503 0.7568 -0.0662
vn -0.6520 0.7553 -0.0665
vn -0.2766 0.9588 -0.0653
vn -0.6463 0.7601 -0.0668
vn -0.2741 0.9594 -0.0662
vn 0.1434 0.9875 -0.0661
vn 0.1414 0.9878 -0.0645
vn 0.5395 0.8394 -0.0660
vn 0.5363 0.8416 -0.0639
vn 0.8443 0.5320 -0.0645
vn 0.8406 0.5380 -0.0630
vn 0.9911 0.1174 -0.0631
vn 0.9899 0.1276 -0.0625
vn 0.9427 -0.3276 -0.0626
vn 0.9481 -0.3117 -0.0627
vn 0.9534 -0.2951 -0.0632
vn 0.7123 -0.6990 -0.0629
vn 0.7293 -0.6813 -0.0632
vn 0.3223 -0.9445 -0.0637
vn 0.3483 -0.9353 -0.0631
vn -0.1361 -0.9886 -0.0648
vn -0.1077 -0.9921 -0.0647
vn -0.5699 -0.8191 -0.0658
vn -0.1639 -0.9842 -0.0668
vn -0.5919 -0.8032 -0.0670
vn -0.8866 -0.4576 -0.0683
vn -0.6130 -0.7872 -0.0676
vn -0.8961 -0.4384 -0.0694
vn -0.9975 -0.0020 -0.0701
vn -0.9973 -0.0207 -0.0698
vn -0.9014 0.4275 -0.0683
vn -0.9069 0.4159 -0.0683
vn -0.6411 0.7645 -0.0673
vn -0.8958 0.4391 -0.0684
vn -0.6354 0.7692 -0.0677
vn -0.2667 0.9614 -0.0676
vn -0.2705 0.9604 -0.0671
vn 0.1477 0.9867 -0.0685
vn 0.1447 0.9872 -0.0675
vn 0.5428 0.8370 -0.0693
vn 0.5411 0.8382 -0.0677
vn 0.8485 0.5249 -0.0671
vn 0.8469 0.5276 -0.0657
vn 0.9928 0.1013 -0.0647
vn 0.9919 0.1094 -0.0639
vn 0.9313 -0.3584 -0.0653
vn 0.9377 -0.3415 -0.0639
vn 0.6622 -0.7465 -0.0654
vn 0.6790 -0.7313 -0.0638
vn 0.6950 -0.7163 -0.0627
vn 0.2740 -0.9595 -0.0649
vn 0.2976 -0.9525 -0.0645
vn -0.1920 -0.9791 -0.0667
vn 0.2489 -0.9664 -0.0651
vn -0.2214 -0.9729 -0.0660
vn -0.6341 -0.7703 -0.0680
vn -0.3565 -0.4456 0.8212
vn -0.1179 -0.5560 0.8228
vn -0.1377 -0.5513 0.8228
vn -0.3709 -0.4339 0.8210
vn -0.5227 -0.2297 0.8210
vn -0.5162 -0.2445 0.8209
vn -0.9062 -0.4170 -0.0704
vn -0.5690 0.0189 0.8221
vn -0.5694 0.0058 0.8220
vn -0.9974 0.0178 -0.0702
vn -0.5089 0.2565 0.8217
vn -0.5131 0.2479 0.8218
vn 0.5015 -0.2456 0.8296
vn 0.5578 -0.0108 0.8299
vn 0.5571 -0.0276 0.8300
vn 0.4960 -0.2565 0.8295
vn 0.3498 -0.4367 0.8288
vn 0.3563 -0.4314 0.8288
vn -0.3602 0.4429 0.8210
vn -0.3653 0.4387 0.8210
vn 0.1451 -0.5408 0.8285
vn 0.1494 -0.5396 0.8285
vn -0.1502 0.5512 0.8207
vn -0.1539 0.5502 0.8207
vn -0.0820 -0.5535 0.8288
vn -0.0832 -0.5533 0.8288
vn 0.0839 0.5645 0.8212
vn 0.0844 0.5644 0.8212
vn -0.2977 -0.4714 0.8302
vn -0.3046 -0.4669 0.8302
vn 0.3082 0.4786 0.8222
vn 0.3105 0.4771 0.8222
vn -0.4705 -0.2966 0.8310
vn -0.4737 -0.2916 0.8310
vn 0.4832 0.3001 0.8225
vn 0.4844 0.2982 0.8225
vn -0.5539 -0.0571 0.8306
vn -0.5540 -0.0562 0.8306
vn 0.5661 0.0575 0.8224
vn 0.5660 0.0583 0.8224
vn -0.5158 0.2052 0.8318
vn -0.5182 0.1991 0.8318
vn 0.5280 -0.2069 0.8236
vn 0.5305 -0.2005 0.8236
vn -0.3593 0.4252 0.8308
vn -0.3697 0.4160 0.8308
vn 0.3706 -0.4307 0.8229
vn 0.3815 -0.4209 0.8230
vn -0.1200 0.5442 0.8304
vn -0.1395 0.5394 0.8304
vn 0.1311 -0.5534 0.8226
vn 0.1494 -0.5487 0.8225
vn 0.1436 0.5389 0.8300
vn 0.1238 0.5439 0.8300
vn 0.3688 0.4207 0.8288
vn 0.3547 0.4325 0.8289
vn 0.5151 0.2166 0.8293
vn 0.5081 0.2330 0.8292
vn -0.9529 0.0515 0.2989
vn -0.8839 -0.3602 0.2981
vn -0.8959 -0.3292 0.2984
vn -0.9513 0.0759 0.2988
vn -0.8383 0.4565 0.2982
vn -0.8466 0.4408 0.2981
vn -0.5841 0.7552 0.2975
vn -0.5941 0.7473 0.2975
vn -0.2378 0.9252 0.2958
vn -0.2448 0.9233 0.2959
vn 0.1419 0.9452 0.2942
vn 0.1426 0.9451 0.2942
vn 0.5009 0.8139 0.2944
vn 0.5111 0.8075 0.2944
vn 0.7922 0.5320 0.2990
vn 0.8030 0.5154 0.2992
vn 0.9455 0.1162 0.3043
vn 0.9467 0.1051 0.3044
vn 0.8795 -0.3637 0.3068
vn 0.8845 -0.3515 0.3069
vn 0.5842 -0.7523 0.3045
vn 0.6097 -0.7318 0.3046
vn 0.1609 -0.9406 0.2989
vn 0.2017 -0.9325 0.2996
vn -0.1825 0.9832 0.0001
vn -0.6222 0.7828 0.0093
vn -0.5895 0.8077 0.0086
vn -0.1358 0.9907 -0.0008
vn 0.3272 0.9450 0.0005
vn 0.2917 0.9565 -0.0003
vn -0.2847 -0.9129 0.2924
vn -0.2471 -0.9237 0.2928
vn 0.7209 0.6930 0.0071
vn 0.6906 0.7232 0.0068
vn -0.6620 -0.6894 0.2939
vn -0.6354 -0.7142 0.2934
vn 0.9514 0.3080 0.0049
vn 0.9367 0.3502 0.0055
vn 0.9943 -0.1063 0.0022
vn 0.9972 -0.0749 0.0021
vn 0.8681 -0.4963 0.0012
vn 0.8795 -0.4758 0.0013
vn 0.6004 -0.7997 -0.0006
vn 0.6140 -0.7893 -0.0005
vn 0.2405 -0.9706 -0.0025
vn 0.2518 -0.9678 -0.0024
vn -0.1480 -0.9890 -0.0052
vn -0.1463 -0.9892 -0.0052
vn -0.5131 -0.8583 -0.0066
vn -0.5261 -0.8504 -0.0066
vn -0.8170 -0.5767 0.0009
vn -0.8373 -0.5467 0.0022
vn -0.9908 -0.1346 0.0138
vn -0.9933 -0.1143 0.0142
vn -0.9194 0.3930 0.0161
vn -0.9259 0.3774 0.0162
vn 0.4025 -0.5224 0.7517
vn 0.6041 -0.2508 0.7564
vn 0.6005 -0.2596 0.7563
vn 0.3818 -0.5380 0.7515
vn 0.0758 -0.6609 0.7466
vn 0.1102 -0.6555 0.7471
vn -0.2314 -0.6219 0.7481
vn -0.2069 -0.6313 0.7474
vn -0.4841 -0.4465 0.7525
vn -0.4649 -0.4669 0.7523
vn 0.6514 0.0794 0.7546
vn 0.6497 0.0927 0.7546
vn -0.5737 0.3328 0.7484
vn -0.3963 0.5330 0.7476
vn -0.4035 0.5275 0.7476
vn -0.5799 0.3217 0.7484
vn -0.6596 0.0608 0.7491
vn -0.6581 0.0754 0.7491
vn 0.5513 0.3685 0.7486
vn 0.5349 0.3933 0.7478
vn 0.3464 0.5719 0.7436
vn 0.3367 0.5775 0.7437
vn 0.0970 0.6595 0.7454
vn 0.0969 0.6596 0.7454
vn -0.1642 0.6444 0.7468
vn -0.1583 0.6459 0.7468
vn -0.6229 -0.2184 0.7512
vn -0.6307 -0.1956 0.7509
s 1
usemtl Material
f 1053//817 1061//817 1062//817 1063//817
f 1053//817 1064//817 1065//817 1061//817
f 1053//817 1063//817 1066//817 1064//817
f 1068//817 1069//817 1054//817 1067//817
f 1054//817 1069//817 1070//817 1071//817
f 1071//817 1072//817 1067//817 1054//817
f 1055//817 1073//817 1074//817 1075//817
f 1075//817 1076//817 1077//817 1055//817
f 1077//817 1078//817 1073//817 1055//817
f 1079//818 1080//818 1081//818 1056//818
f 1083//818 1079//818 1056//818 1082//818
f 1081//818 1084//818 1082//818 1056//818
f 1085//818 1086//818 1087//818 1057//818
f 1087//818 1088//818 1089//818 1057//818
f 1057//818 1089//818 1090//818 1085//818
f 1058//817 1091//817 1092//817 1093//817
f 1094//817 1095//817 1091//817 1058//817
f 1058//817 1093//817 1096//817 1094//817
f 1059//818 1097//818 1098//818 1099//818
f 1087//818 1059//818 1099//818 1088//818
f 1059//818 1087//818 1086//818 1097//818
f 1060//818 1100//818 1101//818 1102//818
f 1104//818 1060//818 1102//818 1103//818
f 1100//818 1060//818 1104//818 1105//818
f 1104//818 1106//818 1107//818 1105//818
f 1081//818 1105//818 1107//818 1084//818
f 1080//818 1100//818 1105//818 1081//818
f 1106//818 1108//818 1109//818 1107//818
f 1084//818 1107//818 1109//818 1110//818
f 1088//818 1110//818 1109//818 1089//818
f 1099//818 1111//818 1110//818 1088//818
f 1084//818 1110//818 1111//818 1082//818
f 1098//818 1112//818 1111//818 1099//818
f 1082//818 1111//818 1112//818 1083//818
f 1113//818 1114//818 1112//818 1098//818
f 1083//818 1112//818 1114//818 1115//818
f 1115//819 1114//820 1116//821 1117//822
f 1115//819 1117//822 1118//823 1119//824
f 1115//818 1119//818 1079//818 1083//818
f 1119//824 1118//823 1120//825 1121//826
f 1119//818 1121//818 1080//818 1079//818
f 1121//826 1120//825 1122//827 1101//828
f 1121//818 1101//818 1100//818 1080//818
f 1122//827 1120//825 1123//829 1124//830
f 1122//827 1124//830 1125//831 1126//832
f 1122//827 1126//832 1102//833 1101//828
f 1126//832 1125//831 1127//834 1128//835
f 1126//832 1128//835 1103//836 1102//833
f 1128//835 1127//834 1129//837 1130//838
f 1128//835 1130//838 1131//839 1103//836
f 1131//839 1130//838 1132//840 1133//841
f 1131//818 1133//818 1108//818 1106//818
f 1131//818 1106//818 1104//818 1103//818
f 1133//841 1132//840 1134//842 1135//843
f 1133//818 1135//818 1090//818 1108//818
f 1135//843 1134//842 1136//844 1137//845
f 1135//818 1137//818 1085//818 1090//818
f 1137//845 1136//844 1138//846 1139//847
f 1137//818 1139//818 1086//818 1085//818
f 1139//847 1138//846 1140//848 1141//849
f 1139//818 1141//818 1097//818 1086//818
f 1141//849 1140//848 1142//850 1113//851
f 1141//818 1113//818 1098//818 1097//818
f 1142//850 1140//848 1143//852 1144//853
f 1142//850 1144//853 1145//854 1116//821
f 1142//850 1116//821 1114//820 1113//851
f 1145//854 1144//853 1146//855 1147//856
f 1145//854 1147//856 1148//857 1149//858
f 1145//854 1149//858 1117//822 1116//821
f 1149//858 1148//857 1150//859 1151//860
f 1149//858 1151//860 1118//823 1117//822
f 1151//860 1150//859 1152//861 1123//829
f 1151//860 1123//829 1120//825 1118//823
f 1152//861 1150//859 1153//862 1154//863
f 1152//861 1154//863 1155//864 1156//865
f 1152//861 1156//865 1124//830 1123//829
f 1156//865 1155//864 1157//866 1158//867
f 1156//865 1158//867 1125//831 1124//830
f 1158//867 1157//866 1159//868 1160//869
f 1158//867 1160//869 1127//834 1125//831
f 1160//869 1159//868 1161//870 1162//871
f 1160//869 1162//871 1129//837 1127//834
f 1162//871 1161//870 1163//872 1164//873
f 1162//871 1164//873 1165//874 1129//837
f 1165//874 1164//873 1166//875 1167//876
f 1165//874 1167//876 1134//842 1132//840
f 1165//874 1132//840 1130//838 1129//837
f 1167//876 1166//875 1168//877 1169//878
f 1167//876 1169//878 1136//844 1134//842
f 1169//878 1168//877 1170//879 1171//880
f 1169//878 1171//880 1138//846 1136//844
f 1171//880 1170//879 1172//881 1143//852
f 1171//880 1143//852 1140//848 1138//846
f 1172//881 1170//879 1173//882 1174//883
f 1172//881 1174//883 1175//884 1146//855
f 1172//881 1146//855 1144//853 1143//852
f 1175//884 1174//883 1176//885 1177//886
f 1175//884 1177//886 1178//887 1179//888
f 1175//884 1179//888 1147//856 1146//855
f 1179//888 1178//887 1180//889 1181//890
f 1179//888 1181//890 1148//857 1147//856
f 1181//890 1180//889 1182//891 1153//862
f 1181//890 1153//862 1150//859 1148//857
f 1182//891 1180//889 1183//892 1184//893
f 1182//891 1184//893 1185//894 1186//895
f 1182//891 1186//895 1154//863 1153//862
f 1186//895 1185//894 1187//896 1188//897
f 1186//895 1188//897 1155//864 1154//863
f 1188//897 1187//896 1189//898 1190//899
f 1188//897 1190//899 1157//866 1155//864
f 1190//899 1189//898 1191//900 1192//901
f 1190//899 1192//901 1159//868 1157//866
f 1192//901 1191//900 1193//902 1194//903
f 1192//901 1194//903 1161//870 1159//868
f 1194//903 1193//902 1195//904 1196//905
f 1194//903 1196//905 1163//872 1161//870
f 1196//905 1195//904 1197//906 1198//907
f 1196//905 1198//907 1199//908 1163//872
f 1199//908 1198//907 1200//909 1201//910
f 1199//908 1201//910 1168//877 1166//875
f 1199//908 1166//875 1164//873 1163//872
f 1201//910 1200//909 1202//911 1173//882
f 1201//910 1173//882 1170//879 1168//877
f 1202//911 1200//909 1203//912 1204//913
f 1202//911 1204//913 1205//914 1176//885
f 1202//911 1176//885 1174//883 1173//882
f 1205//915 1204//916 1206//917 1207//918
f 1205//915 1207//918 1208//919 1209//920
f 1205//914 1209//921 1177//886 1176//885
f 1209//920 1208//919 1210//922 1211//923
f 1209//921 1211//924 1178//887 1177//886
f 1211//923 1210//922 1212//925 1183//926
f 1211//924 1183//892 1180//889 1178//887
f 1212//927 1210//928 1213//929 1214//930
f 1212//927 1214//930 1215//931 1216//932
f 1212//925 1216//933 1184//934 1183//926
f 1216//932 1215//931 1217//935 1218//936
f 1216//933 1218//937 1185//938 1184//934
f 1218//936 1217//935 1219//939 1220//940
f 1218//937 1220//941 1187//942 1185//938
f 1220//940 1219//939 1221//943 1222//944
f 1220//941 1222//945 1189//946 1187//942
f 1222//944 1221//943 1223//947 1224//948
f 1222//945 1224//949 1191//950 1189//946
f 1224//948 1223//947 1225//951 1226//952
f 1224//949 1226//953 1193//954 1191//950
f 1226//952 1225//951 1227//955 1228//956
f 1226//953 1228//957 1195//958 1193//954
f 1228//956 1227//955 1229//959 1230//960
f 1228//957 1230//961 1197//962 1195//958
f 1230//960 1229//959 1231//963 1232//964
f 1230//961 1232//965 1203//966 1197//962
f 1232//964 1231//963 1233//967 1206//968
f 1232//965 1206//917 1204//916 1203//966
f 1233//817 1231//817 1234//817 1235//817
f 1233//817 1235//817 1236//817 1237//817
f 1233//967 1237//969 1207//970 1206//968
f 1237//817 1236//817 1238//817 1239//817
f 1237//969 1239//971 1208//972 1207//970
f 1239//817 1238//817 1240//817 1213//817
f 1239//971 1213//929 1210//928 1208//972
f 1240//973 1238//974 1241//975 1242//976
f 1240//973 1242//976 1243//977 1244//978
f 1240//817 1244//817 1214//817 1213//817
f 1244//978 1243//977 1245//979 1246//980
f 1244//817 1246//817 1215//817 1214//817
f 1246//980 1245//979 1247//981 1248//982
f 1246//817 1248//817 1217//817 1215//817
f 1248//982 1247//981 1249//983 1250//984
f 1248//817 1250//817 1219//817 1217//817
f 1250//984 1249//983 1251//985 1252//986
f 1250//817 1252//817 1221//817 1219//817
f 1252//986 1251//985 1253//987 1254//988
f 1252//817 1254//817 1223//817 1221//817
f 1254//988 1253//987 1255//989 1256//990
f 1254//817 1256//817 1225//817 1223//817
f 1256//990 1255//989 1257//991 1258//992
f 1256//817 1258//817 1227//817 1225//817
f 1258//992 1257//991 1259//993 1260//994
f 1258//817 1260//817 1229//817 1227//817
f 1260//994 1259//993 1261//995 1234//996
f 1260//817 1234//817 1231//817 1229//817
f 1261//997 1259//998 1262//999 1263//1000
f 1261//997 1263//1000 1264//1001 1265//1002
f 1261//995 1265//1003 1235//1004 1234//996
f 1265//1002 1264//1001 1266//1005 1267//1006
f 1265//1003 1267//1007 1236//1008 1235//1004
f 1267//1006 1266//1005 1268//1009 1241//1010
f 1267//1007 1241//975 1238//974 1236//1008
f 1268//817 1266//817 1269//817 1270//817
f 1268//817 1270//817 1271//817 1272//817
f 1268//1009 1272//1011 1242//1012 1241//1010
f 1272//817 1271//817 1273//817 1274//817
f 1272//1011 1274//1013 1243//1014 1242//1012
f 1274//817 1273//817 1275//817 1276//817
f 1274//1013 1276//1015 1245//1016 1243//1014
f 1276//817 1275//817 1277//817 1278//817
f 1276//1015 1278//1017 1247//1018 1245//1016
f 1278//817 1277//817 1279//817 1280//817
f 1278//1017 1280//1019 1249//1020 1247//1018
f 1280//817 1279//817 1281//817 1282//817
f 1280//1019 1282//1021 1251//1022 1249//1020
f 1282//817 1281//817 1283//817 1284//817
f 1282//1021 1284//1023 1253//1024 1251//1022
f 1284//817 1283//817 1285//817 1286//817
f 1284//1023 1286//1025 1255//1026 1253//1024
f 1286//817 1285//817 1287//817 1288//817
f 1286//1025 1288//1027 1257//1028 1255//1026
f 1288//817 1287//817 1289//817 1262//817
f 1288//1027 1262//999 1259//998 1257//1028
f 1289//1029 1287//1030 1290//1031 1065//1032
f 1289//1029 1065//1032 1064//1033 1291//1034
f 1289//817 1291//817 1263//817 1262//817
f 1291//1034 1064//1033 1066//1035 1292//1036
f 1291//817 1292//817 1264//817 1263//817
f 1292//1036 1066//1035 1070//1037 1269//1038
f 1292//817 1269//817 1266//817 1264//817
f 1290//817 1074//817 1073//817 1293//817
f 1290//817 1293//817 1061//817 1065//817
f 1290//1031 1287//1030 1285//1039 1074//1040
f 1293//817 1073//817 1078//817 1294//817
f 1293//817 1294//817 1062//817 1061//817
f 1294//817 1078//817 1096//817 1295//817
f 1294//817 1295//817 1072//817 1062//817
f 1295//817 1096//817 1093//817 1296//817
f 1295//817 1296//817 1067//817 1072//817
f 1296//817 1093//817 1092//817 1297//817
f 1296//817 1297//817 1068//817 1067//817
f 1297//1041 1092//1042 1275//1043 1273//1044
f 1297//1041 1273//1044 1271//1045 1068//1046
f 1285//1039 1283//1047 1075//1048 1074//1040
f 1283//1047 1281//1049 1076//1050 1075//1048
f 1281//1049 1279//1051 1095//1052 1076//1050
f 1279//1051 1277//1053 1091//1054 1095//1052
f 1277//1053 1275//1043 1092//1042 1091//1054
f 1271//1045 1270//1055 1069//1056 1068//1046
f 1270//1055 1269//1038 1070//1037 1069//1056
f 1203//912 1200//909 1198//907 1197//906
f 1109//818 1108//818 1090//818 1089//818
f 1096//817 1078//817 1077//817 1094//817
f 1095//817 1094//817 1077//817 1076//817
f 1072//817 1071//817 1063//817 1062//817
f 1071//817 1070//817 1066//817 1063//817
o Retopo_Cylinder.001
v 2.011904 1.863058 1.424682
v 2.086515 1.848111 1.424682
v 1.939198 1.857567 1.424682
v 1.964407 1.771310 1.126526
v 2.004634 1.754459 1.424682
v 1.963677 1.897476 1.126526
v 2.048741 1.904273 1.126526
v 2.055347 1.775327 1.126526
v 1.995128 1.851231 1.424682
v 2.009639 1.829922 1.424682
v 2.027728 1.849169 1.424682
v 2.014436 1.893248 1.424682
v 1.984451 1.887704 1.424682
v 2.043481 1.884331 1.424682
v 2.077221 1.820562 1.424682
v 2.116991 1.803951 1.424682
v 2.118237 1.853959 1.424682
v 2.099875 1.895625 1.424682
v 2.067340 1.866989 1.424682
v 2.049306 1.836238 1.424682
v 1.943526 1.828915 1.424682
v 1.973400 1.839755 1.424682
v 1.960883 1.873232 1.424682
v 1.904587 1.871446 1.424682
v 1.897777 1.821041 1.424682
v 1.930745 1.911128 1.424682
v 1.945724 1.747018 1.126526
v 1.915041 1.783373 1.126526
v 1.953943 1.798205 1.126526
v 1.993234 1.768830 1.126526
v 1.989169 1.727121 1.126526
v 1.990594 1.804217 1.126526
v 2.000974 1.719811 1.424682
v 2.049697 1.726987 1.424682
v 2.029153 1.766959 1.424682
v 2.008275 1.791939 1.424682
v 1.981998 1.770685 1.424682
v 1.952943 1.734499 1.424682
v 1.944431 1.918973 1.126526
v 1.982489 1.937857 1.126526
v 1.989787 1.901094 1.126526
v 1.954299 1.870672 1.126526
v 1.913693 1.881912 1.126526
v 1.990950 1.868209 1.126526
v 2.021409 1.904514 1.126526
v 2.023165 1.941018 1.126526
v 2.065306 1.928012 1.126526
v 2.098319 1.891796 1.126526
v 2.062464 1.876607 1.126526
v 2.027665 1.868442 1.126526
v 2.062295 1.802097 1.126526
v 2.105017 1.791366 1.126526
v 2.079433 1.750211 1.126526
v 2.037049 1.728792 1.126526
v 2.027285 1.771128 1.126526
v 2.025902 1.806940 1.126526
v 1.989623 1.836294 1.126526
v 2.029330 1.837407 1.126526
v 2.068136 1.838968 1.126526
v 2.109132 1.841399 1.126526
v 2.156654 1.845713 1.126526
v 2.147943 1.777839 1.126526
v 2.134808 1.910473 1.126526
v 2.134710 1.910213 1.169629
v 2.156509 1.846549 1.169643
v 2.087842 1.957261 1.126526
v 2.088436 1.956652 1.169632
v 2.088615 1.956622 1.212747
v 2.134625 1.910415 1.212743
v 2.029935 1.978266 1.126526
v 2.029673 1.978172 1.169638
v 2.029130 1.978253 1.212749
v 2.028341 1.978314 1.255861
v 2.088322 1.956663 1.255856
v 1.968773 1.974115 1.169646
v 1.966889 1.973553 1.212752
v 1.965313 1.973072 1.255863
v 1.963977 1.972662 1.298972
v 2.027437 1.978427 1.298970
v 1.911242 1.943146 1.212755
v 1.909625 1.941764 1.255862
v 1.908182 1.940544 1.298972
v 1.907092 1.939642 1.342085
v 1.962759 1.972304 1.342075
v 1.871539 1.888669 1.255858
v 1.870677 1.886733 1.298970
v 1.870192 1.885365 1.342092
v 1.869594 1.884235 1.385191
v 1.905881 1.938844 1.385191
v 1.860494 1.820987 1.298974
v 1.860620 1.819419 1.342081
v 1.860708 1.817903 1.385191
v 1.875638 1.819018 1.375118
v 1.883580 1.878778 1.375118
v 1.880990 1.754990 1.342076
v 1.881714 1.753411 1.385191
v 1.894798 1.760684 1.375118
v 1.900714 1.764118 1.375118
v 1.882450 1.819604 1.375118
v 1.929404 1.704902 1.385191
v 1.938144 1.717202 1.375118
v 1.942048 1.722868 1.375118
v 1.915012 1.770026 1.424682
v 1.996036 1.697959 1.375118
v 1.997021 1.704732 1.375118
v 2.056433 1.705799 1.375118
v 2.054196 1.712265 1.375118
v 2.106974 1.739999 1.375118
v 2.102154 1.744902 1.375118
v 2.092202 1.757043 1.424682
v 2.057554 1.788647 1.424682
v 2.130535 1.795568 1.375118
v 2.136926 1.793085 1.375118
v 2.140944 1.852527 1.375118
v 2.134094 1.852319 1.375118
v 2.119782 1.906411 1.375118
v 2.113903 1.902798 1.375118
v 2.078100 1.945497 1.375118
v 2.074616 1.939607 1.375118
v 2.066601 1.926436 1.424682
v 2.022682 1.957070 1.375118
v 2.020109 1.941855 1.424682
v 1.967891 1.951137 1.375118
v 1.971382 1.936110 1.424682
v 1.920832 1.922907 1.375118
v 1.965900 1.957678 1.375118
v 1.916070 1.927844 1.375118
v 1.890083 1.876662 1.375118
v 1.961404 1.971955 1.385191
v 2.023466 1.963863 1.375118
v 2.025326 1.978720 1.385191
v 2.026435 1.978548 1.342075
v 2.086106 1.958189 1.385191
v 2.086955 1.957563 1.342085
v 2.087771 1.957068 1.298969
v 2.133223 1.912705 1.342090
v 2.133884 1.911609 1.298965
v 2.134292 1.910781 1.255858
v 2.156144 1.850018 1.298969
v 2.156280 1.848604 1.255860
v 2.156414 1.847492 1.212747
v 2.149127 1.782149 1.255858
v 2.148688 1.780688 1.212745
v 2.148212 1.779301 1.169634
v 2.111865 1.723685 1.212744
v 2.110489 1.722450 1.169631
v 2.109242 1.721206 1.126526
v 2.051442 1.688711 1.169647
v 2.049507 1.688058 1.126526
v 1.984235 1.684290 1.169632
v 1.982346 1.684267 1.126526
v 1.921620 1.710453 1.169632
v 1.920076 1.711523 1.126526
v 1.877241 1.761914 1.169644
v 1.876232 1.763666 1.126526
v 1.860028 1.827394 1.169635
v 1.859540 1.829757 1.126526
v 1.904215 1.832994 1.126526
v 1.874780 1.895633 1.126526
v 1.949161 1.834840 1.126526
v 1.873595 1.893095 1.169637
v 1.913386 1.944923 1.169655
v 1.915873 1.947045 1.126526
v 1.970967 1.974856 1.126526
v 1.872385 1.890604 1.212750
v 1.860142 1.824942 1.212749
v 1.860336 1.822921 1.255862
v 1.878257 1.760015 1.212749
v 1.879193 1.758316 1.255861
v 1.880155 1.756530 1.298971
v 1.924710 1.708220 1.255853
v 1.926484 1.706844 1.298966
v 1.928097 1.705886 1.342086
v 1.990022 1.683597 1.298971
v 1.991934 1.683379 1.342079
v 1.993823 1.683137 1.385191
v 2.059077 1.691085 1.342080
v 2.060961 1.691532 1.385191
v 2.116048 1.727837 1.342086
v 2.117434 1.729151 1.385191
v 2.150297 1.785797 1.342076
v 2.150924 1.787668 1.385191
v 2.155965 1.851734 1.342079
v 2.155863 1.853748 1.385191
v 2.132749 1.914204 1.385191
v 2.149702 1.783932 1.298969
v 2.114768 1.726411 1.298966
v 2.113117 1.724910 1.255853
v 2.057258 1.690518 1.298970
v 2.055254 1.689899 1.255860
v 2.053419 1.689312 1.212749
v 1.987992 1.683831 1.255859
v 1.986167 1.684012 1.212746
v 1.923223 1.709224 1.212745
v 2.031421 1.810337 1.424682
v 1.986843 1.814236 1.424682
v 1.956276 1.795630 1.424682
vn -0.0000 -0.0000 1.0000
vn -0.0000 -0.0000 -1.0000
vn 0.9952 0.0982 0.0013
vn 0.8488 0.5287 0.0018
vn 0.8492 0.5281 -0.0002
vn 0.9946 0.1034 -0.0003
vn 0.5352 0.8447 0.0048
vn 0.5389 0.8424 0.0021
vn 0.5383 0.8428 0.0009
vn 0.8480 0.5301 -0.0008
vn 0.1439 0.9896 0.0073
vn 0.1416 0.9899 0.0048
vn 0.1368 0.9906 0.0026
vn 0.1311 0.9914 0.0018
vn 0.5356 0.8445 0.0007
vn -0.2725 0.9621 0.0046
vn -0.2837 0.9589 0.0023
vn -0.2933 0.9560 0.0013
vn -0.3016 0.9534 0.0003
vn 0.1247 0.9922 0.0004
vn -0.6573 0.7536 0.0002
vn -0.6671 0.7449 0.0001
vn -0.6761 0.7368 -0.0003
vn -0.6830 0.7304 -0.0024
vn -0.3088 0.9511 -0.0013
vn -0.9227 0.3855 -0.0003
vn -0.9283 0.3719 -0.0002
vn -0.9322 0.3618 -0.0015
vn -0.9355 0.3532 -0.0033
vn -0.6898 0.7240 -0.0044
vn -0.9975 -0.0708 -0.0000
vn -0.9967 -0.0810 -0.0007
vn -0.9959 -0.0908 -0.0019
vn 0.5555 0.0498 0.8301
vn 0.5552 0.0521 0.8301
vn 0.5221 -0.1952 0.8302
vn 0.5215 -0.1968 0.8302
vn -0.8603 -0.5099 -0.0013
vn -0.8544 -0.5197 -0.0030
vn 0.4768 0.2874 0.8307
vn 0.4738 0.2923 0.8307
vn 0.2982 0.4702 0.8306
vn 0.2909 0.4748 0.8306
vn -0.4976 -0.8149 0.2972
vn -0.4821 -0.8242 0.2972
vn -0.8035 -0.5143 0.2999
vn -0.8112 -0.5019 0.3000
vn -0.0881 -0.9516 0.2944
vn -0.0743 -0.9528 0.2943
vn 0.3442 -0.8908 0.2966
vn 0.3501 -0.8885 0.2967
vn 0.7053 -0.6421 0.3004
vn 0.7139 -0.6325 0.3004
vn 0.9164 -0.2674 0.2980
vn 0.9227 -0.2448 0.2977
vn 0.9429 0.1562 0.2941
vn 0.9390 0.1784 0.2941
vn 0.7872 0.5421 0.2940
vn 0.7812 0.5508 0.2940
vn 0.4883 0.8207 0.2967
vn 0.4876 0.8211 0.2967
vn 0.1024 0.9491 0.2980
vn 0.0976 0.9496 0.2980
vn -0.3049 0.9052 0.2961
vn -0.3123 0.9027 0.2961
vn -0.6604 0.6907 0.2945
vn -0.6642 0.6871 0.2945
vn -0.8945 0.3354 0.2957
vn -0.8941 0.3365 0.2957
vn -0.9501 -0.0896 0.2989
vn 0.3856 -0.4030 0.8300
vn 0.1779 -0.5292 0.8296
vn 0.1758 -0.5299 0.8296
vn 0.3842 -0.4043 0.8300
vn -0.0600 -0.5550 0.8297
vn -0.0620 -0.5547 0.8297
vn -0.3168 0.9485 -0.0024
vn 0.1103 0.9939 -0.0011
vn 0.1177 0.9931 -0.0004
vn 0.5168 0.8561 -0.0044
vn 0.5236 0.8519 -0.0025
vn 0.5307 0.8476 -0.0008
vn 0.8370 0.5472 -0.0048
vn 0.8420 0.5394 -0.0022
vn 0.8457 0.5336 -0.0010
vn 0.9922 0.1246 -0.0018
vn 0.9933 0.1159 -0.0012
vn 0.9940 0.1090 -0.0011
vn 0.9447 -0.3280 -0.0008
vn 0.9413 -0.3377 -0.0006
vn 0.9380 -0.3468 0.0006
vn 0.6922 -0.7217 -0.0006
vn 0.6829 -0.7305 0.0004
vn 0.6739 -0.7388 0.0020
vn 0.9345 -0.3560 0.0025
vn 0.2886 -0.9574 0.0014
vn 0.2766 -0.9610 0.0032
vn -0.1642 -0.9864 0.0024
vn -0.1770 -0.9842 0.0049
vn -0.5875 -0.8092 0.0011
vn -0.5981 -0.8014 0.0029
vn -0.8847 -0.4661 0.0012
vn -0.8906 -0.4548 0.0033
vn -0.9996 -0.0268 0.0018
vn -0.9999 -0.0102 0.0047
vn -0.9008 0.4343 0.0020
vn -0.9090 0.4168 0.0004
vn -0.6448 0.7643 0.0012
vn -0.6296 0.7769 0.0024
vn -0.2593 0.9658 0.0064
vn -0.9170 0.3990 -0.0007
vn -0.9990 -0.0437 -0.0001
vn -0.9983 -0.0577 0.0002
vn -0.8784 -0.4779 -0.0002
vn -0.8724 -0.4887 -0.0002
vn -0.8660 -0.5000 -0.0002
vn -0.5653 -0.8249 -0.0006
vn -0.5526 -0.8335 -0.0004
vn -0.5415 -0.8407 -0.0009
vn -0.5317 -0.8469 -0.0026
vn -0.1243 -0.9922 -0.0004
vn -0.1121 -0.9937 -0.0010
vn -0.1001 -0.9950 -0.0022
vn 0.0584 0.5554 0.8295
vn 0.0517 0.5561 0.8295
vn 0.3366 -0.9416 -0.0018
vn 0.3488 -0.9372 -0.0034
vn -0.1922 0.5236 0.8300
vn -0.1989 0.5210 0.8300
vn 0.7210 -0.6929 -0.0011
vn 0.7302 -0.6832 -0.0027
vn -0.4052 0.3820 0.8306
vn -0.4104 0.3763 0.8306
vn 0.9525 -0.3046 -0.0011
vn 0.9562 -0.2927 -0.0021
vn -0.5325 0.1667 0.8299
vn -0.5355 0.1571 0.8298
vn 0.9909 0.1345 -0.0035
vn 0.9892 0.1464 -0.0055
vn -0.5530 -0.0781 0.8295
vn -0.5516 -0.0870 0.8295
vn 0.8313 0.5558 -0.0079
vn -0.4643 -0.3082 0.8303
vn -0.4604 -0.3140 0.8304
vn -0.2881 -0.4778 0.8299
vn -0.2856 -0.4793 0.8299
vn 0.9486 -0.3164 -0.0008
vn 0.7116 -0.7026 -0.0005
vn 0.7008 -0.7134 -0.0008
vn 0.3246 -0.9458 -0.0005
vn 0.3118 -0.9501 -0.0001
vn 0.3004 -0.9538 0.0001
vn -0.1382 -0.9904 0.0001
vn -0.1508 -0.9886 0.0006
vn -0.5757 -0.8177 -0.0001
s 1
usemtl Material
f 1298//1057 1306//1057 1307//1057 1308//1057
f 1298//1057 1309//1057 1310//1057 1306//1057
f 1298//1057 1308//1057 1311//1057 1309//1057
f 1313//1057 1314//1057 1299//1057 1312//1057
f 1299//1057 1314//1057 1315//1057 1316//1057
f 1316//1057 1317//1057 1312//1057 1299//1057
f 1300//1057 1318//1057 1319//1057 1320//1057
f 1321//1057 1322//1057 1318//1057 1300//1057
f 1320//1057 1323//1057 1321//1057 1300//1057
f 1324//1058 1325//1058 1326//1058 1301//1058
f 1328//1058 1324//1058 1301//1058 1327//1058
f 1326//1058 1329//1058 1327//1058 1301//1058
f 1330//1057 1331//1057 1332//1057 1302//1057
f 1332//1057 1333//1057 1334//1057 1302//1057
f 1302//1057 1334//1057 1335//1057 1330//1057
f 1303//1058 1336//1058 1337//1058 1338//1058
f 1339//1058 1340//1058 1336//1058 1303//1058
f 1303//1058 1338//1058 1341//1058 1339//1058
f 1304//1058 1342//1058 1343//1058 1344//1058
f 1346//1058 1304//1058 1344//1058 1345//1058
f 1304//1058 1346//1058 1347//1058 1342//1058
f 1305//1058 1348//1058 1349//1058 1350//1058
f 1352//1058 1305//1058 1350//1058 1351//1058
f 1348//1058 1305//1058 1352//1058 1353//1058
f 1327//1058 1329//1058 1353//1058 1352//1058
f 1329//1058 1354//1058 1355//1058 1353//1058
f 1348//1058 1353//1058 1355//1058 1356//1058
f 1348//1058 1356//1058 1357//1058 1349//1058
f 1346//1058 1356//1058 1355//1058 1347//1058
f 1345//1058 1357//1058 1356//1058 1346//1058
f 1357//1058 1358//1058 1359//1058 1349//1058
f 1360//1058 1358//1058 1357//1058 1345//1058
f 1358//1059 1360//1060 1361//1061 1362//1062
f 1344//1058 1363//1058 1360//1058 1345//1058
f 1363//1063 1364//1064 1361//1061 1360//1060
f 1361//1061 1364//1064 1365//1065 1366//1066
f 1364//1064 1363//1063 1367//1067 1368//1068
f 1364//1064 1368//1068 1369//1069 1365//1065
f 1369//1069 1370//1070 1371//1071 1365//1065
f 1369//1069 1368//1068 1372//1072 1373//1073
f 1369//1069 1373//1073 1374//1074 1370//1070
f 1374//1074 1375//1075 1376//1076 1370//1070
f 1374//1074 1373//1073 1377//1077 1378//1078
f 1374//1074 1378//1078 1379//1079 1375//1075
f 1379//1079 1380//1080 1381//1081 1375//1075
f 1379//1079 1378//1078 1382//1082 1383//1083
f 1379//1079 1383//1083 1384//1084 1380//1080
f 1384//1084 1385//1085 1386//1086 1380//1080
f 1384//1084 1383//1083 1387//1087 1388//1088
f 1384//1084 1388//1088 1389//1089 1385//1085
f 1389//1090 1390//1091 1391//1092 1385//1093
f 1389//1089 1388//1088 1392//1094 1393//1095
f 1389//1090 1393//1096 1394//1097 1390//1091
f 1394//1057 1395//1057 1396//1057 1390//1057
f 1394//1097 1393//1096 1397//1098 1398//1099
f 1394//1057 1398//1057 1399//1057 1395//1057
f 1399//1100 1335//1101 1400//1102 1395//1103
f 1399//1057 1398//1057 1401//1057 1402//1057
f 1399//1100 1402//1104 1330//1105 1335//1101
f 1402//1057 1401//1057 1403//1057 1404//1057
f 1402//1104 1404//1106 1331//1107 1330//1105
f 1404//1057 1403//1057 1405//1057 1406//1057
f 1404//1106 1406//1108 1407//1109 1331//1107
f 1407//1057 1408//1057 1332//1057 1331//1057
f 1407//1109 1406//1108 1409//1110 1313//1111
f 1407//1057 1313//1057 1312//1057 1408//1057
f 1409//1057 1406//1057 1405//1057 1410//1057
f 1409//1057 1410//1057 1411//1057 1412//1057
f 1409//1110 1412//1112 1314//1113 1313//1111
f 1412//1057 1411//1057 1413//1057 1414//1057
f 1412//1112 1414//1114 1315//1115 1314//1113
f 1414//1057 1413//1057 1415//1057 1416//1057
f 1414//1114 1416//1116 1417//1117 1315//1115
f 1417//1057 1311//1057 1316//1057 1315//1057
f 1417//1117 1416//1116 1418//1118 1419//1119
f 1417//1057 1419//1057 1309//1057 1311//1057
f 1419//1119 1418//1118 1420//1120 1421//1121
f 1419//1057 1421//1057 1310//1057 1309//1057
f 1421//1121 1420//1120 1422//1122 1323//1123
f 1421//1057 1323//1057 1320//1057 1310//1057
f 1422//1057 1420//1057 1423//1057 1424//1057
f 1422//1057 1424//1057 1391//1057 1425//1057
f 1422//1122 1425//1124 1321//1125 1323//1123
f 1425//1057 1391//1057 1390//1057 1396//1057
f 1425//1124 1396//1126 1322//1126 1321//1125
f 1424//1127 1423//1128 1426//1129 1386//1130
f 1424//1127 1386//1130 1385//1093 1391//1092
f 1426//1129 1423//1128 1427//1131 1428//1132
f 1426//1133 1428//1134 1429//1135 1381//1081
f 1426//1133 1381//1081 1380//1080 1386//1086
f 1429//1135 1428//1134 1430//1136 1431//1137
f 1429//1135 1431//1137 1432//1138 1376//1076
f 1429//1135 1376//1076 1375//1075 1381//1081
f 1432//1138 1431//1137 1433//1139 1434//1140
f 1432//1138 1434//1140 1435//1141 1371//1071
f 1432//1138 1371//1071 1370//1070 1376//1076
f 1435//1141 1434//1140 1436//1142 1437//1143
f 1435//1141 1437//1143 1438//1144 1366//1066
f 1435//1141 1366//1066 1365//1065 1371//1071
f 1438//1144 1437//1143 1439//1145 1440//1146
f 1438//1144 1440//1146 1441//1147 1362//1062
f 1438//1144 1362//1062 1361//1061 1366//1066
f 1441//1147 1440//1146 1442//1148 1443//1149
f 1441//1147 1443//1149 1444//1150 1359//1151
f 1441//1147 1359//1151 1358//1059 1362//1062
f 1444//1150 1443//1149 1445//1152 1446//1153
f 1444//1058 1446//1058 1351//1058 1350//1058
f 1444//1058 1350//1058 1349//1058 1359//1058
f 1446//1153 1445//1152 1447//1154 1448//1155
f 1446//1058 1448//1058 1328//1058 1351//1058
f 1448//1155 1447//1154 1449//1156 1450//1157
f 1448//1058 1450//1058 1324//1058 1328//1058
f 1450//1157 1449//1156 1451//1158 1452//1159
f 1450//1058 1452//1058 1325//1058 1324//1058
f 1452//1159 1451//1158 1453//1160 1454//1161
f 1452//1058 1454//1058 1455//1058 1325//1058
f 1455//1058 1454//1058 1456//1058 1340//1058
f 1455//1058 1340//1058 1339//1058 1457//1058
f 1455//1058 1457//1058 1326//1058 1325//1058
f 1457//1058 1339//1058 1341//1058 1354//1058
f 1457//1058 1354//1058 1329//1058 1326//1058
f 1456//1162 1458//1163 1459//1164 1460//1165
f 1456//1058 1460//1058 1336//1058 1340//1058
f 1456//1162 1454//1161 1453//1160 1458//1163
f 1460//1165 1459//1164 1372//1072 1461//1166
f 1460//1058 1461//1058 1337//1058 1336//1058
f 1461//1166 1372//1072 1368//1068 1367//1067
f 1461//1058 1367//1058 1343//1058 1337//1058
f 1459//1164 1377//1077 1373//1073 1372//1072
f 1459//1164 1458//1163 1462//1167 1377//1077
f 1462//1167 1382//1082 1378//1078 1377//1077
f 1462//1167 1458//1163 1453//1160 1463//1168
f 1462//1167 1463//1168 1464//1169 1382//1082
f 1464//1169 1387//1087 1383//1083 1382//1082
f 1464//1169 1463//1168 1465//1170 1466//1171
f 1464//1169 1466//1171 1467//1172 1387//1087
f 1467//1172 1392//1094 1388//1088 1387//1087
f 1467//1172 1466//1171 1468//1173 1469//1174
f 1467//1172 1469//1174 1470//1175 1392//1094
f 1470//1175 1397//1176 1393//1095 1392//1094
f 1470//1175 1469//1174 1471//1177 1472//1178
f 1470//1175 1472//1178 1473//1179 1397//1176
f 1473//1180 1401//1181 1398//1099 1397//1098
f 1473//1179 1472//1178 1474//1182 1475//1183
f 1473//1180 1475//1184 1403//1185 1401//1181
f 1475//1183 1474//1182 1476//1186 1477//1187
f 1475//1184 1477//1188 1405//1189 1403//1185
f 1477//1187 1476//1186 1478//1190 1479//1191
f 1477//1188 1479//1192 1410//1193 1405//1189
f 1479//1191 1478//1190 1480//1194 1481//1195
f 1479//1192 1481//1196 1411//1197 1410//1193
f 1481//1195 1480//1194 1433//1139 1482//1198
f 1481//1196 1482//1199 1413//1200 1411//1197
f 1482//1198 1433//1139 1431//1137 1430//1136
f 1482//1199 1430//1201 1415//1202 1413//1200
f 1480//1194 1478//1190 1483//1203 1436//1142
f 1480//1194 1436//1142 1434//1140 1433//1139
f 1483//1203 1478//1190 1476//1186 1484//1204
f 1483//1203 1484//1204 1485//1205 1439//1145
f 1483//1203 1439//1145 1437//1143 1436//1142
f 1485//1205 1484//1204 1486//1206 1487//1207
f 1485//1205 1487//1207 1488//1208 1442//1148
f 1485//1205 1442//1148 1440//1146 1439//1145
f 1488//1208 1487//1207 1489//1209 1490//1210
f 1488//1208 1490//1210 1447//1154 1445//1152
f 1488//1208 1445//1152 1443//1149 1442//1148
f 1490//1210 1489//1209 1468//1173 1491//1211
f 1490//1210 1491//1211 1449//1156 1447//1154
f 1491//1211 1468//1173 1466//1171 1465//1170
f 1491//1211 1465//1170 1451//1158 1449//1156
f 1489//1209 1471//1177 1469//1174 1468//1173
f 1489//1209 1487//1207 1486//1206 1471//1177
f 1486//1206 1474//1182 1472//1178 1471//1177
f 1486//1206 1484//1204 1476//1186 1474//1182
f 1465//1170 1463//1168 1453//1160 1451//1158
f 1430//1201 1428//1132 1427//1131 1415//1202
f 1427//1057 1418//1057 1416//1057 1415//1057
f 1427//1057 1423//1057 1420//1057 1418//1057
f 1408//1057 1492//1057 1333//1057 1332//1057
f 1408//1057 1312//1057 1317//1057 1492//1057
f 1492//1057 1307//1057 1493//1057 1333//1057
f 1492//1057 1317//1057 1308//1057 1307//1057
f 1493//1057 1307//1057 1306//1057 1319//1057
f 1493//1057 1319//1057 1318//1057 1494//1057
f 1493//1057 1494//1057 1334//1057 1333//1057
f 1494//1057 1318//1057 1322//1057 1400//1057
f 1494//1057 1400//1057 1335//1057 1334//1057
f 1400//1102 1322//1126 1396//1126 1395//1103
f 1367//1058 1363//1058 1344//1058 1343//1058
f 1355//1058 1354//1058 1341//1058 1347//1058
f 1352//1058 1351//1058 1328//1058 1327//1058
f 1347//1058 1341//1058 1338//1058 1342//1058
f 1343//1058 1342//1058 1338//1058 1337//1058
f 1320//1057 1319//1057 1306//1057 1310//1057
f 1317//1057 1316//1057 1311//1057 1308//1057
o Cube.004
v 2.319813 1.293277 -0.568635
v 2.319813 0.560181 -0.568635
v 2.319813 0.560181 0.568635
v 2.319813 1.293277 0.568635
v 2.392259 0.560181 -0.568635
v 2.392259 0.560181 0.568635
v 2.392259 1.293277 0.568635
v 2.392259 1.293277 -0.568635
v 2.319813 1.232186 -0.568635
v 2.319813 1.171095 -0.568635
v 2.319813 1.110003 -0.568635
v 2.319813 1.048912 -0.568635
v 2.319813 0.987820 -0.568635
v 2.319813 0.926729 -0.568635
v 2.319813 0.865638 -0.568635
v 2.319813 0.804546 -0.568635
v 2.319813 0.743455 -0.568635
v 2.319813 0.682364 -0.568635
v 2.319813 0.621272 -0.568635
v 2.319813 1.232186 0.568635
v 2.319813 1.171095 0.568635
v 2.319813 1.110003 0.568635
v 2.319813 1.048912 0.568635
v 2.319813 0.987820 0.568635
v 2.319813 0.926729 0.568635
v 2.319813 0.865638 0.568635
v 2.319813 0.804546 0.568635
v 2.319813 0.743455 0.568635
v 2.319813 0.682364 0.568635
v 2.319813 0.621272 0.568635
v 2.392259 1.232186 -0.568635
v 2.360747 1.234465 -0.568635
v 2.392259 1.110003 -0.568635
v 2.360747 1.112282 -0.568635
v 2.392259 0.987820 -0.568635
v 2.360747 0.990099 -0.568635
v 2.392259 0.865638 -0.568635
v 2.360747 0.867916 -0.568635
v 2.392259 0.743455 -0.568635
v 2.360747 0.745734 -0.568635
v 2.392259 0.621272 -0.568635
v 2.392259 1.232186 0.568635
v 2.360747 1.234465 0.568635
v 2.392259 1.110003 0.568635
v 2.360747 1.112282 0.568635
v 2.392259 0.987820 0.568635
v 2.360747 0.990099 0.568635
v 2.392259 0.865638 0.568635
v 2.360747 0.867916 0.568635
v 2.392259 0.743455 0.568635
v 2.360747 0.745734 0.568635
v 2.392259 0.621272 0.568635
vn -1.0000 -0.0000 -0.0000
vn 1.0000 -0.0000 -0.0000
vn -0.0000 -0.0000 1.0000
vn -0.0000 1.0000 -0.0000
vn -0.0000 -0.0000 -1.0000
vn -0.0000 -1.0000 -0.0000
vn 0.9923 0.1237 -0.0000
vn 0.9694 0.2454 -0.0000
vn -0.0721 -0.9974 -0.0000
vt 0.528749 0.571482
vt 0.528749 0.678518
vt 0.534498 0.678518
vt 0.534498 0.571482
vt 0.471251 0.678518
vt 0.465502 0.678518
vt 0.465502 0.571482
vt 0.471251 0.571482
vt 0.477001 0.571482
vt 0.482751 0.571482
vt 0.488501 0.571482
vt 0.494250 0.571482
vt 0.500000 0.571482
vt 0.505750 0.571482
vt 0.511499 0.571482
vt 0.517249 0.571482
vt 0.522999 0.571482
vt 0.522999 0.678518
vt 0.517249 0.678518
vt 0.511499 0.678518
vt 0.505750 0.678518
vt 0.500000 0.678518
vt 0.494250 0.678518
vt 0.488501 0.678518
vt 0.482751 0.678518
vt 0.477001 0.678518
s 1
usemtl Material.002
f 1503/1286/1212 1514/1287/1212 1498/1288/1212 1495/1289/1212
f 1525/1286/1213 1502/1289/1213 1501/1288/1213 1536/1287/1213
f 1524/1290/1214 1497/1291/1214 1500/1291/1214 1546/1290/1214
f 1495/1289/1215 1498/1288/1215 1501/1288/1215 1502/1289/1215
f 1503/1286/1216 1495/1289/1216 1502/1289/1216 1525/1286/1216
f 1497/1291/1217 1496/1292/1217 1499/1292/1217 1500/1291/1217
f 1496/1292/1216 1513/1293/1216 1535/1293/1216 1499/1292/1216
f 1513/1293/1216 1512/1294/1216 1534/1294/1216 1535/1293/1216
f 1512/1294/1216 1511/1295/1216 1533/1295/1216 1534/1294/1216
f 1511/1295/1216 1510/1296/1216 1532/1296/1216 1533/1295/1216
f 1510/1296/1216 1509/1297/1216 1531/1297/1216 1532/1296/1216
f 1509/1297/1216 1508/1298/1216 1530/1298/1216 1531/1297/1216
f 1508/1298/1216 1507/1299/1216 1529/1299/1216 1530/1298/1216
f 1507/1299/1216 1506/1300/1216 1528/1300/1216 1529/1299/1216
f 1506/1300/1216 1505/1301/1216 1527/1301/1216 1528/1300/1216
f 1505/1301/1216 1504/1302/1216 1526/1302/1216 1527/1301/1216
f 1504/1302/1216 1503/1286/1216 1525/1286/1216 1526/1302/1216
f 1498/1288/1214 1514/1287/1214 1536/1287/1214 1501/1288/1214
f 1514/1287/1214 1515/1303/1214 1537/1303/1214 1536/1287/1214
f 1515/1303/1214 1516/1304/1214 1538/1304/1214 1537/1303/1214
f 1516/1304/1214 1517/1305/1214 1539/1305/1214 1538/1304/1214
f 1517/1305/1214 1518/1306/1214 1540/1306/1214 1539/1305/1214
f 1518/1306/1214 1519/1307/1214 1541/1307/1214 1540/1306/1214
f 1519/1307/1214 1520/1308/1214 1542/1308/1214 1541/1307/1214
f 1520/1308/1214 1521/1309/1214 1543/1309/1214 1542/1308/1214
f 1521/1309/1214 1522/1310/1214 1544/1310/1214 1543/1309/1214
f 1522/1310/1214 1523/1311/1214 1545/1311/1214 1544/1310/1214
f 1523/1311/1214 1524/1290/1214 1546/1290/1214 1545/1311/1214
f 1499/1292/1213 1535/1293/1218 1546/1290/1218 1500/1291/1213
f 1535/1293/1218 1534/1294/1219 1545/1311/1219 1546/1290/1218
f 1534/1294/1220 1533/1295/1220 1544/1310/1220 1545/1311/1220
f 1533/1295/1219 1532/1296/1219 1543/1309/1219 1544/1310/1219
f 1532/1296/1220 1531/1297/1220 1542/1308/1220 1543/1309/1220
f 1531/1297/1219 1530/1298/1219 1541/1307/1219 1542/1308/1219
f 1530/1298/1220 1529/1299/1220 1540/1306/1220 1541/1307/1220
f 1529/1299/1219 1528/1300/1219 1539/1305/1219 1540/1306/1219
f 1528/1300/1220 1527/1301/1220 1538/1304/1220 1539/1305/1220
f 1527/1301/1219 1526/1302/1219 1537/1303/1219 1538/1304/1219
f 1526/1302/1220 1525/1286/1220 1536/1287/1220 1537/1303/1220
f 1496/1292/1212 1497/1291/1212 1524/1290/1212 1513/1293/1212
f 1513/1293/1212 1524/1290/1212 1523/1311/1212 1512/1294/1212
f 1512/1294/1212 1523/1311/1212 1522/1310/1212 1511/1295/1212
f 1511/1295/1212 1522/1310/1212 1521/1309/1212 1510/1296/1212
f 1510/1296/1212 1521/1309/1212 1520/1308/1212 1509/1297/1212
f 1509/1297/1212 1520/1308/1212 1519/1307/1212 1508/1298/1212
f 1508/1298/1212 1519/1307/1212 1518/1306/1212 1507/1299/1212
f 1507/1299/1212 1518/1306/1212 1517/1305/1212 1506/1300/1212
f 1506/1300/1212 1517/1305/1212 1516/1304/1212 1505/1301/1212
f 1505/1301/1212 1516/1304/1212 1515/1303/1212 1504/1302/1212
f 1504/1302/1212 1515/1303/1212 1514/1287/1212 1503/1286/1212
o Cube.005
v -1.404829 0.432590 1.245421
v -1.404829 2.717176 1.245421
v 1.404829 0.432590 1.245421
v 1.404829 2.717176 1.245421
v -1.404829 1.765265 1.245421
v -1.404829 1.574883 1.245421
v -1.404829 1.384501 1.245421
v -1.404829 1.194118 1.245421
v -1.404829 1.003736 1.245421
v -1.404829 0.813354 1.245421
v -1.404829 0.622972 1.245421
v 1.404829 0.813354 1.245421
v 1.404829 1.003736 1.245421
v 1.404829 1.194118 1.245421
v 1.404829 1.384501 1.245421
v 1.404829 1.574883 1.245421
v 1.404829 1.765265 1.245421
v 1.404829 1.955647 1.245421
v 1.404829 2.146029 1.245421
v 1.404829 2.336411 1.245421
v 1.404829 2.526794 1.245421
v -1.404829 2.526794 1.245421
v -1.404829 2.336411 1.245421
v -1.404829 2.146029 1.245421
v -1.404829 1.955647 1.245421
v -0.000000 0.432590 1.255615
v -0.234138 0.432590 1.255615
v -0.468276 0.432590 1.253256
v -0.702414 0.432590 1.248106
v -0.936553 0.432590 1.245421
v -1.170691 0.432590 1.245421
v 1.404829 0.622972 1.245421
v 0.234138 0.432590 1.255615
v 0.468276 0.432590 1.253256
v 0.702414 0.432590 1.248106
v 0.936552 0.432590 1.245421
v 1.170691 0.432590 1.245421
v 1.170691 2.717176 1.245421
v 0.936553 2.717176 1.245421
v 0.702414 2.717176 1.248106
v 0.468276 2.717176 1.253256
v 0.234138 2.717176 1.255615
v 0.000000 2.717176 1.255615
v -0.234138 2.717176 1.255615
v -0.468276 2.717176 1.253256
v -0.702414 2.717176 1.248106
v -0.936552 2.717176 1.245421
v -1.170691 2.717176 1.245421
v -1.350565 0.476713 1.245421
v -1.350565 0.622972 1.245421
v 1.350565 2.146029 1.245421
v 1.350565 1.955647 1.245728
v -1.350565 1.765265 1.246065
v -1.350565 1.955647 1.245728
v 1.350565 0.813354 1.245421
v 1.350565 0.622972 1.245421
v -1.350565 1.574883 1.246065
v -1.350565 1.384501 1.246065
v -1.350565 1.194118 1.245728
v -1.350565 1.003736 1.245421
v -1.350565 0.813354 1.245421
v -1.350565 2.526794 1.245421
v -1.350565 2.673053 1.245421
v 1.350565 1.003736 1.245421
v 1.350565 1.194118 1.245728
v 1.350565 1.384501 1.246065
v 1.350565 1.574883 1.246065
v 1.350565 1.765265 1.246065
v 1.350565 0.476713 1.245421
v 1.350565 2.336411 1.245421
v 1.350565 2.526794 1.245421
v 1.350565 2.673053 1.245421
v -1.350565 2.336411 1.245421
v -1.350565 2.146029 1.245421
v 1.170691 0.476713 1.245421
v -1.170691 2.673053 1.245421
v -1.170691 0.476713 1.245421
v -0.936553 0.476713 1.245522
v -0.702414 0.476713 1.250323
v -0.468276 0.476713 1.256911
v -0.234138 0.476713 1.259777
v -0.000000 0.476713 1.259777
v 0.234138 0.476713 1.259777
v 0.468276 0.476713 1.256911
v 0.702414 0.476713 1.250323
v 0.936552 0.476713 1.245522
v 1.170691 2.673053 1.245421
v 0.936553 2.673053 1.245522
v 0.702414 2.673053 1.250323
v 0.468276 2.673053 1.256911
v 0.234138 2.673053 1.259777
v 0.000000 2.673053 1.259777
v -0.234138 2.673053 1.259777
v -0.468276 2.673053 1.256911
v -0.702414 2.673053 1.250323
v -0.936552 2.673053 1.245522
v 1.170691 0.622972 1.245421
v 0.936552 0.622972 1.249434
v 0.702414 0.622972 1.261193
v 0.468276 0.622972 1.272470
v 0.234138 0.622972 1.277012
v 0.000000 0.622972 1.277012
v -0.234138 0.622972 1.277012
v -0.468276 0.622972 1.272470
v -0.702415 0.622972 1.261193
v -0.936553 0.622972 1.249434
v -1.170691 0.622972 1.245421
v 1.170691 0.813354 1.246627
v 0.936552 0.813354 1.260027
v 0.702414 0.813354 1.280079
v 0.468276 0.813354 1.297194
v 0.234138 0.813354 1.303894
v 0.000000 0.813354 1.303894
v -0.234138 0.813354 1.303894
v -0.468276 0.813354 1.297194
v -0.702414 0.813354 1.280079
v -0.936552 0.813354 1.260027
v -1.170691 0.813354 1.246627
v 1.170691 1.003736 1.251010
v 0.936552 1.003736 1.272184
v 0.702414 1.003736 1.299186
v 0.468276 1.003736 1.321578
v 0.234138 1.003736 1.330379
v 0.000000 1.003736 1.330379
v -0.234138 1.003736 1.330379
v -0.468276 1.003736 1.321578
v -0.702414 1.003736 1.299186
v -0.936553 1.003736 1.272184
v -1.170691 1.003736 1.251010
v 1.170691 1.194118 1.255284
v 0.936552 1.194118 1.281549
v 0.702414 1.194118 1.313370
v 0.468276 1.194118 1.339861
v 0.234138 1.194118 1.350583
v 0.000000 1.194118 1.350583
v -0.234138 1.194118 1.350583
v -0.468276 1.194118 1.339861
v -0.702414 1.194118 1.313370
v -0.936552 1.194118 1.281549
v -1.170691 1.194118 1.255284
v 1.170691 1.384501 1.256998
v 0.936553 1.384501 1.285047
v 0.702414 1.384501 1.318629
v 0.468276 1.384501 1.346802
v 0.234138 1.384501 1.358625
v 0.000000 1.384501 1.358625
v -0.234138 1.384501 1.358625
v -0.468276 1.384501 1.346802
v -0.702414 1.384501 1.318629
v -0.936553 1.384501 1.285047
v -1.170691 1.384501 1.256998
v 1.170691 1.574883 1.256998
v 0.936552 1.574883 1.285047
v 0.702414 1.574883 1.318629
v 0.468276 1.574883 1.346802
v 0.234138 1.574883 1.358625
v 0.000000 1.574883 1.358625
v -0.234138 1.574883 1.358625
v -0.468276 1.574883 1.346802
v -0.702414 1.574883 1.318629
v -0.936552 1.574883 1.285047
v -1.170691 1.574883 1.256998
v 1.170691 1.765265 1.256998
v 0.936553 1.765265 1.285047
v 0.702414 1.765265 1.318629
v 0.468276 1.765265 1.346802
v 0.234138 1.765265 1.358625
v 0.000000 1.765265 1.358625
v -0.234138 1.765265 1.358625
v -0.468276 1.765265 1.346802
v -0.702414 1.765265 1.318629
v -0.936552 1.765265 1.285047
v -1.170691 1.765265 1.256998
v 1.170691 1.955647 1.255284
v 0.936553 1.955647 1.281549
v 0.702414 1.955647 1.313370
v 0.468276 1.955647 1.339861
v 0.234138 1.955647 1.350583
v 0.000000 1.955647 1.350583
v -0.234138 1.955647 1.350583
v -0.468276 1.955647 1.339861
v -0.702414 1.955647 1.313370
v -0.936552 1.955647 1.281549
v -1.170691 1.955647 1.255284
v 1.170691 2.146029 1.251010
v 0.936553 2.146029 1.272184
v 0.702415 2.146029 1.299186
v 0.468276 2.146029 1.321578
v 0.234138 2.146029 1.330379
v 0.000000 2.146029 1.330379
v -0.234138 2.146029 1.330379
v -0.468276 2.146029 1.321578
v -0.702414 2.146029 1.299186
v -0.936552 2.146029 1.272184
v -1.170691 2.146029 1.251010
v 1.170691 2.336412 1.246627
v 0.936553 2.336411 1.260027
v 0.702414 2.336411 1.280079
v 0.468276 2.336411 1.297194
v 0.234138 2.336411 1.303894
v 0.000000 2.336411 1.303894
v -0.234138 2.336411 1.303894
v -0.468276 2.336411 1.297194
v -0.702414 2.336411 1.280079
v -0.936552 2.336411 1.260027
v -1.170691 2.336411 1.246627
v 1.170691 2.526794 1.245421
v 0.936553 2.526794 1.249434
v 0.702414 2.526794 1.261193
v 0.468276 2.526794 1.272470
v 0.234138 2.526794 1.277012
v 0.000000 2.526794 1.277012
v -0.234138 2.526794 1.277012
v -0.468276 2.526794 1.272470
v -0.702414 2.526794 1.261193
v -0.936552 2.526794 1.249434
v -1.170691 2.526794 1.245421
vn -0.0000 -0.0000 1.0000
vn -0.0103 0.0004 0.9999
vn -0.0119 -0.0000 0.9999
vn -0.0103 -0.0004 0.9999
vn -0.0058 -0.0008 1.0000
vn -0.0014 -0.0004 1.0000
vn 0.0014 -0.0004 1.0000
vn 0.0058 -0.0008 1.0000
vn 0.0103 -0.0004 0.9999
vn 0.0119 -0.0000 0.9999
vn 0.0103 0.0004 0.9999
vn 0.0058 0.0008 1.0000
vn 0.0014 0.0004 1.0000
vn -0.0014 0.0004 1.0000
vn -0.0058 0.0008 1.0000
vn -0.0000 -0.0939 0.9956
vn -0.0056 -0.0911 0.9958
vn -0.0181 -0.0773 0.9968
vn -0.0205 -0.0463 0.9987
vn -0.0081 -0.0137 0.9999
vn -0.0001 -0.0006 1.0000
vn 0.0056 -0.0911 0.9958
vn 0.0181 -0.0773 0.9968
vn 0.0205 -0.0463 0.9987
vn 0.0081 -0.0137 0.9999
vn 0.0001 -0.0006 1.0000
vn 0.0001 0.0006 1.0000
vn 0.0081 0.0137 0.9999
vn 0.0205 0.0463 0.9987
vn 0.0181 0.0773 0.9968
vn 0.0056 0.0911 0.9958
vn -0.0000 0.0939 0.9956
vn -0.0056 0.0911 0.9958
vn -0.0181 0.0773 0.9968
vn -0.0205 0.0463 0.9987
vn -0.0081 0.0137 0.9999
vn -0.0001 0.0006 1.0000
vn -0.0008 -0.0008 1.0000
vn 0.0159 0.0061 0.9999
vn 0.0276 0.0048 0.9996
vn -0.0345 0.0016 0.9994
vn -0.0276 0.0048 0.9996
vn 0.0056 -0.0037 1.0000
vn 0.0008 -0.0008 1.0000
vn -0.0363 -0.0000 0.9993
vn -0.0345 -0.0016 0.9994
vn -0.0276 -0.0048 0.9996
vn -0.0159 -0.0061 0.9999
vn -0.0056 -0.0037 1.0000
vn -0.0008 0.0008 1.0000
vn 0.0159 -0.0061 0.9999
vn 0.0276 -0.0048 0.9996
vn 0.0345 -0.0016 0.9994
vn 0.0363 -0.0000 0.9993
vn 0.0345 0.0016 0.9994
vn 0.0056 0.0037 1.0000
vn 0.0008 0.0008 1.0000
vn -0.0056 0.0037 1.0000
vn -0.0159 0.0061 0.9999
vn 0.0022 -0.0036 1.0000
vn -0.0022 0.0036 1.0000
vn -0.0022 -0.0036 1.0000
vn -0.0151 -0.0228 0.9996
vn -0.0286 -0.0583 0.9979
vn -0.0225 -0.0890 0.9958
vn -0.0067 -0.1027 0.9947
vn -0.0000 -0.1055 0.9944
vn 0.0067 -0.1027 0.9947
vn 0.0225 -0.0890 0.9958
vn 0.0286 -0.0583 0.9979
vn 0.0151 -0.0228 0.9996
vn 0.0022 0.0036 1.0000
vn 0.0151 0.0228 0.9996
vn 0.0286 0.0583 0.9979
vn 0.0225 0.0890 0.9958
vn 0.0067 0.1027 0.9947
vn -0.0000 0.1055 0.9944
vn -0.0067 0.1027 0.9947
vn -0.0225 0.0890 0.9958
vn -0.0286 0.0583 0.9979
vn -0.0151 0.0228 0.9996
vn 0.0123 -0.0119 0.9999
vn 0.0372 -0.0430 0.9984
vn 0.0503 -0.0828 0.9953
vn 0.0344 -0.1123 0.9931
vn 0.0099 -0.1257 0.9920
vn -0.0000 -0.1284 0.9917
vn -0.0099 -0.1257 0.9920
vn -0.0344 -0.1123 0.9931
vn -0.0503 -0.0828 0.9953
vn -0.0372 -0.0430 0.9984
vn -0.0123 -0.0119 0.9999
vn 0.0332 -0.0222 0.9992
vn 0.0695 -0.0582 0.9959
vn 0.0778 -0.0963 0.9923
vn 0.0501 -0.1234 0.9911
vn 0.0142 -0.1361 0.9906
vn -0.0000 -0.1388 0.9903
vn -0.0142 -0.1361 0.9906
vn -0.0501 -0.1234 0.9911
vn -0.0778 -0.0963 0.9923
vn -0.0695 -0.0582 0.9959
vn -0.0332 -0.0222 0.9992
vn 0.0588 -0.0256 0.9979
vn 0.0996 -0.0554 0.9935
vn 0.1028 -0.0851 0.9911
vn 0.0654 -0.1076 0.9920
vn 0.0186 -0.1190 0.9927
vn -0.0000 -0.1217 0.9926
vn -0.0186 -0.1190 0.9927
vn -0.0654 -0.1076 0.9920
vn -0.1028 -0.0851 0.9911
vn -0.0996 -0.0554 0.9935
vn -0.0588 -0.0256 0.9979
vn 0.0788 -0.0167 0.9968
vn 0.1197 -0.0333 0.9923
vn 0.1205 -0.0501 0.9914
vn 0.0772 -0.0641 0.9950
vn 0.0224 -0.0719 0.9972
vn -0.0000 -0.0739 0.9973
vn -0.0224 -0.0719 0.9972
vn -0.0772 -0.0641 0.9950
vn -0.1205 -0.0501 0.9914
vn -0.1197 -0.0333 0.9923
vn -0.0788 -0.0167 0.9968
vn 0.0880 -0.0047 0.9961
vn 0.1286 -0.0091 0.9917
vn 0.1289 -0.0137 0.9916
vn 0.0835 -0.0178 0.9964
vn 0.0246 -0.0204 0.9995
vn -0.0000 -0.0211 0.9998
vn -0.0246 -0.0204 0.9995
vn -0.0835 -0.0178 0.9964
vn -0.1289 -0.0137 0.9916
vn -0.1286 -0.0091 0.9917
vn -0.0880 -0.0047 0.9961
vn 0.0898 -0.0000 0.9960
vn 0.1305 -0.0000 0.9915
vn 0.1307 -0.0000 0.9914
vn 0.0850 -0.0000 0.9964
vn 0.0252 -0.0000 0.9997
vn -0.0252 -0.0000 0.9997
vn -0.0850 -0.0000 0.9964
vn -0.1307 -0.0000 0.9914
vn -0.1305 -0.0000 0.9915
vn -0.0898 -0.0000 0.9960
vn 0.0880 0.0047 0.9961
vn 0.1286 0.0091 0.9917
vn 0.1289 0.0137 0.9916
vn 0.0835 0.0178 0.9964
vn 0.0246 0.0204 0.9995
vn -0.0000 0.0211 0.9998
vn -0.0246 0.0204 0.9995
vn -0.0835 0.0178 0.9964
vn -0.1289 0.0137 0.9916
vn -0.1286 0.0091 0.9917
vn -0.0880 0.0047 0.9961
vn 0.0788 0.0167 0.9968
vn 0.1197 0.0333 0.9923
vn 0.1205 0.0501 0.9914
vn 0.0772 0.0641 0.9950
vn 0.0224 0.0719 0.9972
vn -0.0000 0.0739 0.9973
vn -0.0224 0.0719 0.9972
vn -0.0772 0.0641 0.9950
vn -0.1205 0.0501 0.9914
vn -0.1197 0.0333 0.9923
vn -0.0788 0.0167 0.9968
vn 0.0588 0.0256 0.9979
vn 0.0996 0.0554 0.9935
vn 0.1028 0.0851 0.9911
vn 0.0654 0.1076 0.9920
vn 0.0186 0.1191 0.9927
vn -0.0000 0.1217 0.9926
vn -0.0186 0.1191 0.9927
vn -0.0654 0.1076 0.9920
vn -0.1028 0.0851 0.9911
vn -0.0996 0.0554 0.9935
vn -0.0588 0.0256 0.9979
vn 0.0332 0.0222 0.9992
vn 0.0695 0.0582 0.9959
vn 0.0778 0.0963 0.9923
vn 0.0501 0.1234 0.9911
vn 0.0142 0.1361 0.9906
vn -0.0000 0.1388 0.9903
vn -0.0142 0.1361 0.9906
vn -0.0501 0.1234 0.9911
vn -0.0778 0.0963 0.9923
vn -0.0695 0.0582 0.9959
vn -0.0332 0.0222 0.9992
vn 0.0123 0.0119 0.9999
vn 0.0372 0.0430 0.9984
vn 0.0503 0.0828 0.9953
vn 0.0344 0.1123 0.9931
vn 0.0099 0.1257 0.9920
vn -0.0000 0.1284 0.9917
vn -0.0099 0.1257 0.9920
vn -0.0344 0.1123 0.9931
vn -0.0503 0.0828 0.9953
vn -0.0372 0.0430 0.9984
vn -0.0123 0.0119 0.9999
vt 0.398368 0.773368
vt 0.411904 0.773368
vt 0.413605 0.788605
vt 0.398368 0.786904
vt 0.398368 0.976632
vt 0.411904 0.976632
vt 0.411904 0.980715
vt 0.394285 0.980715
vt 0.552858 0.773368
vt 0.535239 0.773368
vt 0.535239 0.769285
vt 0.552858 0.769285
vt 0.517619 0.976632
vt 0.535238 0.976632
vt 0.535238 0.980715
vt 0.517619 0.980715
vt 0.429523 0.773368
vt 0.411904 0.769285
vt 0.429523 0.769285
vt 0.500000 0.976632
vt 0.500000 0.980715
vt 0.482381 0.976632
vt 0.482381 0.980715
vt 0.464761 0.976632
vt 0.464761 0.980715
vt 0.447142 0.976632
vt 0.447142 0.980715
vt 0.429523 0.976632
vt 0.429523 0.980715
vt 0.588096 0.976632
vt 0.601632 0.976632
vt 0.605715 0.980715
vt 0.588096 0.980715
vt 0.447142 0.773368
vt 0.447142 0.769285
vt 0.464762 0.773368
vt 0.464762 0.769285
vt 0.482381 0.773367
vt 0.482381 0.769285
vt 0.500000 0.773368
vt 0.500000 0.769285
vt 0.517619 0.773368
vt 0.517619 0.769285
vt 0.394285 0.769285
vt 0.570477 0.773368
vt 0.570477 0.769285
vt 0.588096 0.773368
vt 0.588096 0.769285
vt 0.601632 0.773368
vt 0.605715 0.769285
vt 0.570477 0.976632
vt 0.570477 0.980715
vt 0.552858 0.976632
vt 0.552858 0.980715
vt 0.394285 0.786904
vt 0.601632 0.963096
vt 0.605715 0.963096
vt 0.398368 0.963096
vt 0.394285 0.963096
vt 0.398368 0.945477
vt 0.394285 0.945477
vt 0.398368 0.927858
vt 0.394285 0.927858
vt 0.398368 0.910239
vt 0.394285 0.910239
vt 0.398368 0.892619
vt 0.394285 0.892619
vt 0.398368 0.875000
vt 0.394285 0.875000
vt 0.398368 0.857381
vt 0.394285 0.857381
vt 0.398368 0.839762
vt 0.394285 0.839762
vt 0.398368 0.822142
vt 0.394285 0.822142
vt 0.398368 0.804523
vt 0.394285 0.804523
vt 0.601632 0.786904
vt 0.605715 0.786904
vt 0.601632 0.804523
vt 0.605715 0.804523
vt 0.601632 0.822142
vt 0.605715 0.822142
vt 0.601632 0.839761
vt 0.605715 0.839761
vt 0.601632 0.857381
vt 0.605715 0.857381
vt 0.601632 0.875000
vt 0.605715 0.875000
vt 0.601632 0.892619
vt 0.605715 0.892619
vt 0.601632 0.910238
vt 0.605715 0.910238
vt 0.601632 0.927858
vt 0.605715 0.927858
vt 0.601632 0.945477
vt 0.605715 0.945477
vt 0.430489 0.789099
vt 0.447733 0.789322
vt 0.465110 0.789436
vt 0.482543 0.789493
vt 0.500000 0.789510
vt 0.517457 0.789493
vt 0.534890 0.789436
vt 0.552267 0.789322
vt 0.569511 0.789099
vt 0.586395 0.788605
vt 0.414099 0.805489
vt 0.430884 0.805884
vt 0.448011 0.806087
vt 0.465285 0.806198
vt 0.482628 0.806255
vt 0.500000 0.806273
vt 0.517372 0.806255
vt 0.534715 0.806198
vt 0.551989 0.806087
vt 0.569116 0.805884
vt 0.585901 0.805489
vt 0.414322 0.822733
vt 0.431087 0.823011
vt 0.448163 0.823163
vt 0.465385 0.823250
vt 0.482677 0.823295
vt 0.500000 0.823309
vt 0.517323 0.823295
vt 0.534616 0.823250
vt 0.551837 0.823163
vt 0.568913 0.823011
vt 0.585679 0.822733
vt 0.414436 0.840110
vt 0.431198 0.840285
vt 0.448250 0.840384
vt 0.465442 0.840442
vt 0.482706 0.840472
vt 0.500000 0.840482
vt 0.517294 0.840472
vt 0.534558 0.840442
vt 0.551750 0.840384
vt 0.568802 0.840285
vt 0.585564 0.840109
vt 0.414493 0.857544
vt 0.431255 0.857628
vt 0.448295 0.857677
vt 0.465473 0.857706
vt 0.482721 0.857721
vt 0.500000 0.857726
vt 0.517279 0.857721
vt 0.534527 0.857706
vt 0.551705 0.857677
vt 0.568744 0.857628
vt 0.585507 0.857544
vt 0.414510 0.875000
vt 0.431273 0.875000
vt 0.448309 0.875000
vt 0.465482 0.875000
vt 0.482726 0.875000
vt 0.500000 0.875000
vt 0.517274 0.875000
vt 0.534518 0.875000
vt 0.551691 0.875000
vt 0.568727 0.875000
vt 0.585490 0.875000
vt 0.414493 0.892457
vt 0.431255 0.892372
vt 0.448295 0.892323
vt 0.465473 0.892294
vt 0.482721 0.892279
vt 0.500000 0.892274
vt 0.517279 0.892279
vt 0.534527 0.892294
vt 0.551705 0.892323
vt 0.568744 0.892372
vt 0.585507 0.892456
vt 0.414436 0.909890
vt 0.431198 0.909715
vt 0.448250 0.909616
vt 0.465442 0.909558
vt 0.482706 0.909527
vt 0.500000 0.909518
vt 0.517294 0.909527
vt 0.534558 0.909558
vt 0.551750 0.909616
vt 0.568802 0.909715
vt 0.585564 0.909890
vt 0.414322 0.927267
vt 0.431087 0.926989
vt 0.448163 0.926837
vt 0.465384 0.926750
vt 0.482677 0.926705
vt 0.500000 0.926691
vt 0.517323 0.926705
vt 0.534616 0.926750
vt 0.551837 0.926837
vt 0.568913 0.926989
vt 0.585678 0.927267
vt 0.414099 0.944511
vt 0.430884 0.944116
vt 0.448011 0.943913
vt 0.465285 0.943802
vt 0.482628 0.943744
vt 0.500000 0.943727
vt 0.517372 0.943744
vt 0.534715 0.943802
vt 0.551989 0.943913
vt 0.569116 0.944116
vt 0.585901 0.944511
vt 0.413605 0.961395
vt 0.430489 0.960901
vt 0.447733 0.960678
vt 0.465110 0.960564
vt 0.482543 0.960507
vt 0.500000 0.960490
vt 0.517456 0.960507
vt 0.534890 0.960564
vt 0.552267 0.960678
vt 0.569511 0.960901
vt 0.586395 0.961395
s 1
usemtl Material.003
f 1615/1312/1221 1602/1313/1264 1643/1314/1302 1621/1315/1280
f 1602/1313/1264 1601/1328/1263 1654/1409/1313 1643/1314/1302
f 1601/1328/1263 1610/1345/1271 1665/1410/1324 1654/1409/1313
f 1610/1345/1271 1611/1347/1272 1676/1411/1335 1665/1410/1324
f 1611/1347/1272 1612/1349/1273 1687/1412/1346 1676/1411/1335
f 1612/1349/1273 1613/1351/1274 1698/1413/1357 1687/1412/1346
f 1613/1351/1274 1614/1353/1275 1709/1414/1367 1698/1413/1357
f 1614/1353/1275 1598/1321/1260 1720/1415/1378 1709/1414/1367
f 1598/1321/1260 1597/1320/1259 1731/1416/1389 1720/1415/1378
f 1597/1320/1259 1616/1356/1276 1742/1417/1400 1731/1416/1389
f 1616/1356/1276 1617/1358/1277 1753/1418/1411 1742/1417/1400
f 1617/1358/1277 1618/1360/1221 1633/1389/1292 1753/1418/1411
f 1621/1315/1280 1643/1314/1302 1644/1419/1303 1632/1387/1291
f 1643/1314/1302 1654/1409/1313 1655/1420/1314 1644/1419/1303
f 1654/1409/1313 1665/1410/1324 1666/1421/1325 1655/1420/1314
f 1665/1410/1324 1676/1411/1335 1677/1422/1336 1666/1421/1325
f 1676/1411/1335 1687/1412/1346 1688/1423/1347 1677/1422/1336
f 1687/1412/1346 1698/1413/1357 1699/1424/1358 1688/1423/1347
f 1698/1413/1357 1709/1414/1367 1710/1425/1368 1699/1424/1358
f 1709/1414/1367 1720/1415/1378 1721/1426/1379 1710/1425/1368
f 1720/1415/1378 1731/1416/1389 1732/1427/1390 1721/1426/1379
f 1731/1416/1389 1742/1417/1400 1743/1428/1401 1732/1427/1390
f 1742/1417/1400 1753/1418/1411 1754/1429/1412 1743/1428/1401
f 1753/1418/1411 1633/1389/1292 1634/1391/1293 1754/1429/1412
f 1632/1387/1291 1644/1419/1303 1645/1430/1304 1631/1385/1290
f 1644/1419/1303 1655/1420/1314 1656/1431/1315 1645/1430/1304
f 1655/1420/1314 1666/1421/1325 1667/1432/1326 1656/1431/1315
f 1666/1421/1325 1677/1422/1336 1678/1433/1337 1667/1432/1326
f 1677/1422/1336 1688/1423/1347 1689/1434/1348 1678/1433/1337
f 1688/1423/1347 1699/1424/1358 1700/1435/1359 1689/1434/1348
f 1699/1424/1358 1710/1425/1368 1711/1436/1369 1700/1435/1359
f 1710/1425/1368 1721/1426/1379 1722/1437/1380 1711/1436/1369
f 1721/1426/1379 1732/1427/1390 1733/1438/1391 1722/1437/1380
f 1732/1427/1390 1743/1428/1401 1744/1439/1402 1733/1438/1391
f 1743/1428/1401 1754/1429/1412 1755/1440/1413 1744/1439/1402
f 1754/1429/1412 1634/1391/1293 1635/1393/1294 1755/1440/1413
f 1631/1385/1290 1645/1430/1304 1646/1441/1305 1630/1383/1289
f 1645/1430/1304 1656/1431/1315 1657/1442/1316 1646/1441/1305
f 1656/1431/1315 1667/1432/1326 1668/1443/1327 1657/1442/1316
f 1667/1432/1326 1678/1433/1337 1679/1444/1338 1668/1443/1327
f 1678/1433/1337 1689/1434/1348 1690/1445/1349 1679/1444/1338
f 1689/1434/1348 1700/1435/1359 1701/1446/1360 1690/1445/1349
f 1700/1435/1359 1711/1436/1369 1712/1447/1370 1701/1446/1360
f 1711/1436/1369 1722/1437/1380 1723/1448/1381 1712/1447/1370
f 1722/1437/1380 1733/1438/1391 1734/1449/1392 1723/1448/1381
f 1733/1438/1391 1744/1439/1402 1745/1450/1403 1734/1449/1392
f 1744/1439/1402 1755/1440/1413 1756/1451/1414 1745/1450/1403
f 1755/1440/1413 1635/1393/1294 1636/1395/1295 1756/1451/1414
f 1630/1383/1289 1646/1441/1305 1647/1452/1306 1629/1381/1288
f 1646/1441/1305 1657/1442/1316 1658/1453/1317 1647/1452/1306
f 1657/1442/1316 1668/1443/1327 1669/1454/1328 1658/1453/1317
f 1668/1443/1327 1679/1444/1338 1680/1455/1339 1669/1454/1328
f 1679/1444/1338 1690/1445/1349 1691/1456/1350 1680/1455/1339
f 1690/1445/1349 1701/1446/1360 1702/1457/1361 1691/1456/1350
f 1701/1446/1360 1712/1447/1370 1713/1458/1371 1702/1457/1361
f 1712/1447/1370 1723/1448/1381 1724/1459/1382 1713/1458/1371
f 1723/1448/1381 1734/1449/1392 1735/1460/1393 1724/1459/1382
f 1734/1449/1392 1745/1450/1403 1746/1461/1404 1735/1460/1393
f 1745/1450/1403 1756/1451/1414 1757/1462/1415 1746/1461/1404
f 1756/1451/1414 1636/1395/1295 1637/1397/1296 1757/1462/1415
f 1629/1381/1288 1647/1452/1306 1648/1463/1307 1628/1379/1287
f 1647/1452/1306 1658/1453/1317 1659/1464/1318 1648/1463/1307
f 1658/1453/1317 1669/1454/1328 1670/1465/1329 1659/1464/1318
f 1669/1454/1328 1680/1455/1339 1681/1466/1340 1670/1465/1329
f 1680/1455/1339 1691/1456/1350 1692/1467/1351 1681/1466/1340
f 1691/1456/1350 1702/1457/1361 1703/1468/1221 1692/1467/1351
f 1702/1457/1361 1713/1458/1371 1714/1469/1372 1703/1468/1221
f 1713/1458/1371 1724/1459/1382 1725/1470/1383 1714/1469/1372
f 1724/1459/1382 1735/1460/1393 1736/1471/1394 1725/1470/1383
f 1735/1460/1393 1746/1461/1404 1747/1472/1405 1736/1471/1394
f 1746/1461/1404 1757/1462/1415 1758/1473/1416 1747/1472/1405
f 1757/1462/1415 1637/1397/1296 1638/1399/1297 1758/1473/1416
f 1628/1379/1287 1648/1463/1307 1649/1474/1308 1627/1377/1286
f 1648/1463/1307 1659/1464/1318 1660/1475/1319 1649/1474/1308
f 1659/1464/1318 1670/1465/1329 1671/1476/1330 1660/1475/1319
f 1670/1465/1329 1681/1466/1340 1682/1477/1341 1671/1476/1330
f 1681/1466/1340 1692/1467/1351 1693/1478/1352 1682/1477/1341
f 1692/1467/1351 1703/1468/1221 1704/1479/1362 1693/1478/1352
f 1703/1468/1221 1714/1469/1372 1715/1480/1373 1704/1479/1362
f 1714/1469/1372 1725/1470/1383 1726/1481/1384 1715/1480/1373
f 1725/1470/1383 1736/1471/1394 1737/1482/1395 1726/1481/1384
f 1736/1471/1394 1747/1472/1405 1748/1483/1406 1737/1482/1395
f 1747/1472/1405 1758/1473/1416 1759/1484/1417 1748/1483/1406
f 1758/1473/1416 1638/1399/1297 1639/1401/1298 1759/1484/1417
f 1627/1377/1286 1649/1474/1308 1650/1485/1309 1626/1375/1285
f 1649/1474/1308 1660/1475/1319 1661/1486/1320 1650/1485/1309
f 1660/1475/1319 1671/1476/1330 1672/1487/1331 1661/1486/1320
f 1671/1476/1330 1682/1477/1341 1683/1488/1342 1672/1487/1331
f 1682/1477/1341 1693/1478/1352 1694/1489/1353 1683/1488/1342
f 1693/1478/1352 1704/1479/1362 1705/1490/1363 1694/1489/1353
f 1704/1479/1362 1715/1480/1373 1716/1491/1374 1705/1490/1363
f 1715/1480/1373 1726/1481/1384 1727/1492/1385 1716/1491/1374
f 1726/1481/1384 1737/1482/1395 1738/1493/1396 1727/1492/1385
f 1737/1482/1395 1748/1483/1406 1749/1494/1407 1738/1493/1396
f 1748/1483/1406 1759/1484/1417 1760/1495/1418 1749/1494/1407
f 1759/1484/1417 1639/1401/1298 1640/1403/1299 1760/1495/1418
f 1626/1375/1285 1650/1485/1309 1651/1496/1310 1625/1373/1284
f 1650/1485/1309 1661/1486/1320 1662/1497/1321 1651/1496/1310
f 1661/1486/1320 1672/1487/1331 1673/1498/1332 1662/1497/1321
f 1672/1487/1331 1683/1488/1342 1684/1499/1343 1673/1498/1332
f 1683/1488/1342 1694/1489/1353 1695/1500/1354 1684/1499/1343
f 1694/1489/1353 1705/1490/1363 1706/1501/1364 1695/1500/1354
f 1705/1490/1363 1716/1491/1374 1717/1502/1375 1706/1501/1364
f 1716/1491/1374 1727/1492/1385 1728/1503/1386 1717/1502/1375
f 1727/1492/1385 1738/1493/1396 1739/1504/1397 1728/1503/1386
f 1738/1493/1396 1749/1494/1407 1750/1505/1408 1739/1504/1397
f 1749/1494/1407 1760/1495/1418 1761/1506/1419 1750/1505/1408
f 1760/1495/1418 1640/1403/1299 1641/1405/1300 1761/1506/1419
f 1625/1373/1284 1651/1496/1310 1652/1507/1311 1624/1371/1283
f 1651/1496/1310 1662/1497/1321 1663/1508/1322 1652/1507/1311
f 1662/1497/1321 1673/1498/1332 1674/1509/1333 1663/1508/1322
f 1673/1498/1332 1684/1499/1343 1685/1510/1344 1674/1509/1333
f 1684/1499/1343 1695/1500/1354 1696/1511/1355 1685/1510/1344
f 1695/1500/1354 1706/1501/1364 1707/1512/1365 1696/1511/1355
f 1706/1501/1364 1717/1502/1375 1718/1513/1376 1707/1512/1365
f 1717/1502/1375 1728/1503/1386 1729/1514/1387 1718/1513/1376
f 1728/1503/1386 1739/1504/1397 1740/1515/1398 1729/1514/1387
f 1739/1504/1397 1750/1505/1408 1751/1516/1409 1740/1515/1398
f 1750/1505/1408 1761/1506/1419 1762/1517/1420 1751/1516/1409
f 1761/1506/1419 1641/1405/1300 1642/1407/1301 1762/1517/1420
f 1624/1371/1283 1652/1507/1311 1653/1518/1312 1623/1369/1282
f 1652/1507/1311 1663/1508/1322 1664/1519/1323 1653/1518/1312
f 1663/1508/1322 1674/1509/1333 1675/1520/1334 1664/1519/1323
f 1674/1509/1333 1685/1510/1344 1686/1521/1345 1675/1520/1334
f 1685/1510/1344 1696/1511/1355 1697/1522/1356 1686/1521/1345
f 1696/1511/1355 1707/1512/1365 1708/1523/1366 1697/1522/1356
f 1707/1512/1365 1718/1513/1376 1719/1524/1377 1708/1523/1366
f 1718/1513/1376 1729/1514/1387 1730/1525/1388 1719/1524/1377
f 1729/1514/1387 1740/1515/1398 1741/1526/1399 1730/1525/1388
f 1740/1515/1398 1751/1516/1409 1752/1527/1410 1741/1526/1399
f 1751/1516/1409 1762/1517/1420 1763/1528/1421 1752/1527/1410
f 1762/1517/1420 1642/1407/1301 1622/1367/1281 1763/1528/1421
f 1623/1369/1282 1653/1518/1312 1596/1317/1258 1595/1316/1221
f 1653/1518/1312 1664/1519/1323 1607/1339/1269 1596/1317/1258
f 1664/1519/1323 1675/1520/1334 1606/1337/1268 1607/1339/1269
f 1675/1520/1334 1686/1521/1345 1605/1335/1267 1606/1337/1268
f 1686/1521/1345 1697/1522/1356 1604/1333/1266 1605/1335/1267
f 1697/1522/1356 1708/1523/1366 1603/1331/1265 1604/1333/1266
f 1708/1523/1366 1719/1524/1377 1599/1324/1261 1603/1331/1265
f 1719/1524/1377 1730/1525/1388 1600/1325/1262 1599/1324/1261
f 1730/1525/1388 1741/1526/1399 1620/1364/1279 1600/1325/1262
f 1741/1526/1399 1752/1527/1410 1619/1362/1278 1620/1364/1279
f 1752/1527/1410 1763/1528/1421 1608/1341/1270 1619/1362/1278
f 1763/1528/1421 1622/1367/1281 1609/1342/1221 1608/1341/1270
usemtl Material.005
f 1595/1316/1221 1596/1317/1258 1557/1318/1221 1547/1319/1221
f 1597/1320/1259 1598/1321/1260 1564/1322/1232 1565/1323/1233
f 1599/1324/1261 1600/1325/1262 1571/1326/1235 1551/1327/1222
f 1601/1328/1263 1602/1313/1264 1578/1329/1221 1558/1330/1221
f 1603/1331/1265 1599/1324/1261 1551/1327/1222 1552/1332/1223
f 1604/1333/1266 1603/1331/1265 1552/1332/1223 1553/1334/1224
f 1605/1335/1267 1604/1333/1266 1553/1334/1224 1554/1336/1225
f 1606/1337/1268 1605/1335/1267 1554/1336/1225 1555/1338/1226
f 1607/1339/1269 1606/1337/1268 1555/1338/1226 1556/1340/1221
f 1596/1317/1258 1607/1339/1269 1556/1340/1221 1557/1318/1221
f 1608/1341/1270 1609/1342/1221 1548/1343/1221 1568/1344/1221
f 1610/1345/1271 1601/1328/1263 1558/1330/1221 1559/1346/1227
f 1611/1347/1272 1610/1345/1271 1559/1346/1227 1560/1348/1228
f 1612/1349/1273 1611/1347/1272 1560/1348/1228 1561/1350/1229
f 1613/1351/1274 1612/1349/1273 1561/1350/1229 1562/1352/1230
f 1614/1353/1275 1613/1351/1274 1562/1352/1230 1563/1354/1231
f 1598/1321/1260 1614/1353/1275 1563/1354/1231 1564/1322/1232
f 1602/1313/1264 1615/1312/1221 1549/1355/1221 1578/1329/1221
f 1616/1356/1276 1597/1320/1259 1565/1323/1233 1566/1357/1221
f 1617/1358/1277 1616/1356/1276 1566/1357/1221 1567/1359/1221
f 1618/1360/1221 1617/1358/1277 1567/1359/1221 1550/1361/1221
f 1619/1362/1278 1608/1341/1270 1568/1344/1221 1569/1363/1221
f 1620/1364/1279 1619/1362/1278 1569/1363/1221 1570/1365/1234
f 1600/1325/1262 1620/1364/1279 1570/1365/1234 1571/1326/1235
f 1615/1312/1221 1621/1315/1280 1583/1366/1246 1549/1355/1221
f 1609/1342/1221 1622/1367/1281 1594/1368/1257 1548/1343/1221
f 1623/1369/1282 1595/1316/1221 1547/1319/1221 1577/1370/1241
f 1624/1371/1283 1623/1369/1282 1577/1370/1241 1576/1372/1240
f 1625/1373/1284 1624/1371/1283 1576/1372/1240 1575/1374/1239
f 1626/1375/1285 1625/1373/1284 1575/1374/1239 1574/1376/1238
f 1627/1377/1286 1626/1375/1285 1574/1376/1238 1573/1378/1237
f 1628/1379/1287 1627/1377/1286 1573/1378/1237 1572/1380/1236
f 1629/1381/1288 1628/1379/1287 1572/1380/1236 1579/1382/1242
f 1630/1383/1289 1629/1381/1288 1579/1382/1242 1580/1384/1243
f 1631/1385/1290 1630/1383/1289 1580/1384/1243 1581/1386/1244
f 1632/1387/1291 1631/1385/1290 1581/1386/1244 1582/1388/1245
f 1621/1315/1280 1632/1387/1291 1582/1388/1245 1583/1366/1246
f 1633/1389/1292 1618/1360/1221 1550/1361/1221 1584/1390/1247
f 1634/1391/1293 1633/1389/1292 1584/1390/1247 1585/1392/1248
f 1635/1393/1294 1634/1391/1293 1585/1392/1248 1586/1394/1249
f 1636/1395/1295 1635/1393/1294 1586/1394/1249 1587/1396/1250
f 1637/1397/1296 1636/1395/1295 1587/1396/1250 1588/1398/1251
f 1638/1399/1297 1637/1397/1296 1588/1398/1251 1589/1400/1252
f 1639/1401/1298 1638/1399/1297 1589/1400/1252 1590/1402/1253
f 1640/1403/1299 1639/1401/1298 1590/1402/1253 1591/1404/1254
f 1641/1405/1300 1640/1403/1299 1591/1404/1254 1592/1406/1255
f 1642/1407/1301 1641/1405/1300 1592/1406/1255 1593/1408/1256
f 1622/1367/1281 1642/1407/1301 1593/1408/1256 1594/1368/1257
